-- --------------------------------------------------------
-- Hôte:                         127.0.0.1
-- Version du serveur:           8.0.30 - MySQL Community Server - GPL
-- SE du serveur:                Win64
-- HeidiSQL Version:             12.1.0.6537
-- --------------------------------------------------------

/*!40101 SET @OLD_CHARACTER_SET_CLIENT=@@CHARACTER_SET_CLIENT */;
/*!40101 SET NAMES utf8 */;
/*!50503 SET NAMES utf8mb4 */;
/*!40103 SET @OLD_TIME_ZONE=@@TIME_ZONE */;
/*!40103 SET TIME_ZONE='+00:00' */;
/*!40014 SET @OLD_FOREIGN_KEY_CHECKS=@@FOREIGN_KEY_CHECKS, FOREIGN_KEY_CHECKS=0 */;
/*!40101 SET @OLD_SQL_MODE=@@SQL_MODE, SQL_MODE='NO_AUTO_VALUE_ON_ZERO' */;
/*!40111 SET @OLD_SQL_NOTES=@@SQL_NOTES, SQL_NOTES=0 */;


-- Listage de la structure de la base pour skatespot
CREATE DATABASE IF NOT EXISTS `skatespot` /*!40100 DEFAULT CHARACTER SET utf8mb4 COLLATE utf8mb4_0900_ai_ci */ /*!80016 DEFAULT ENCRYPTION='N' */;
USE `skatespot`;

-- Listage de la structure de table skatespot. comment
CREATE TABLE IF NOT EXISTS `comment` (
  `id` int NOT NULL AUTO_INCREMENT,
  `author_id` int DEFAULT NULL,
  `spot_concerned_id` int NOT NULL,
  `date` datetime NOT NULL DEFAULT CURRENT_TIMESTAMP,
  `content` longtext CHARACTER SET utf8mb4 COLLATE utf8mb4_unicode_ci NOT NULL,
  PRIMARY KEY (`id`),
  KEY `IDX_9474526CF675F31B` (`author_id`),
  KEY `IDX_9474526C719C5F2F` (`spot_concerned_id`),
  CONSTRAINT `FK_9474526C719C5F2F` FOREIGN KEY (`spot_concerned_id`) REFERENCES `spot` (`id`),
  CONSTRAINT `FK_9474526CF675F31B` FOREIGN KEY (`author_id`) REFERENCES `user` (`id`) ON DELETE SET NULL
) ENGINE=InnoDB AUTO_INCREMENT=2 DEFAULT CHARSET=utf8mb4 COLLATE=utf8mb4_unicode_ci;

-- Listage des données de la table skatespot.comment : ~1 rows (environ)
INSERT INTO `comment` (`id`, `author_id`, `spot_concerned_id`, `date`, `content`) VALUES
	(1, 22, 51, '2023-10-07 16:05:37', 'C\'est le QG des skaters à Strasbourg !!');

-- Listage de la structure de table skatespot. doctrine_migration_versions
CREATE TABLE IF NOT EXISTS `doctrine_migration_versions` (
  `version` varchar(191) CHARACTER SET utf8mb3 COLLATE utf8mb3_unicode_ci NOT NULL,
  `executed_at` datetime DEFAULT NULL,
  `execution_time` int DEFAULT NULL,
  PRIMARY KEY (`version`)
) ENGINE=InnoDB DEFAULT CHARSET=utf8mb3 COLLATE=utf8mb3_unicode_ci;

-- Listage des données de la table skatespot.doctrine_migration_versions : ~0 rows (environ)
INSERT INTO `doctrine_migration_versions` (`version`, `executed_at`, `execution_time`) VALUES
	('DoctrineMigrations\\Version20230509162006', '2023-05-12 06:37:24', 590);

-- Listage de la structure de table skatespot. messenger_messages
CREATE TABLE IF NOT EXISTS `messenger_messages` (
  `id` bigint NOT NULL AUTO_INCREMENT,
  `body` longtext CHARACTER SET utf8mb4 COLLATE utf8mb4_unicode_ci NOT NULL,
  `headers` longtext CHARACTER SET utf8mb4 COLLATE utf8mb4_unicode_ci NOT NULL,
  `queue_name` varchar(190) CHARACTER SET utf8mb4 COLLATE utf8mb4_unicode_ci NOT NULL,
  `created_at` datetime NOT NULL,
  `available_at` datetime NOT NULL,
  `delivered_at` datetime DEFAULT NULL,
  PRIMARY KEY (`id`),
  KEY `IDX_75EA56E0FB7336F0` (`queue_name`),
  KEY `IDX_75EA56E0E3BD61CE` (`available_at`),
  KEY `IDX_75EA56E016BA31DB` (`delivered_at`)
) ENGINE=InnoDB AUTO_INCREMENT=21 DEFAULT CHARSET=utf8mb4 COLLATE=utf8mb4_unicode_ci;

-- Listage des données de la table skatespot.messenger_messages : ~18 rows (environ)
INSERT INTO `messenger_messages` (`id`, `body`, `headers`, `queue_name`, `created_at`, `available_at`, `delivered_at`) VALUES
	(1, 'O:36:\\"Symfony\\\\Component\\\\Messenger\\\\Envelope\\":2:{s:44:\\"\\0Symfony\\\\Component\\\\Messenger\\\\Envelope\\0stamps\\";a:1:{s:46:\\"Symfony\\\\Component\\\\Messenger\\\\Stamp\\\\BusNameStamp\\";a:1:{i:0;O:46:\\"Symfony\\\\Component\\\\Messenger\\\\Stamp\\\\BusNameStamp\\":1:{s:55:\\"\\0Symfony\\\\Component\\\\Messenger\\\\Stamp\\\\BusNameStamp\\0busName\\";s:21:\\"messenger.bus.default\\";}}}s:45:\\"\\0Symfony\\\\Component\\\\Messenger\\\\Envelope\\0message\\";O:51:\\"Symfony\\\\Component\\\\Mailer\\\\Messenger\\\\SendEmailMessage\\":2:{s:60:\\"\\0Symfony\\\\Component\\\\Mailer\\\\Messenger\\\\SendEmailMessage\\0message\\";O:39:\\"Symfony\\\\Bridge\\\\Twig\\\\Mime\\\\TemplatedEmail\\":4:{i:0;s:41:\\"registration/confirmation_email.html.twig\\";i:1;N;i:2;a:3:{s:9:\\"signedUrl\\";s:166:\\"https://127.0.0.1:8000/verify/email?expires=1683877651&signature=gvoGrh8gcaC2faZb%2BDXFUmlSLLXJo0oKeKpK5afGDS4%3D&token=WX90jwdgEKsR1FAIDo4Z5fVY9Jn50d030vlkBtjKvU4%3D\\";s:19:\\"expiresAtMessageKey\\";s:26:\\"%count% hour|%count% hours\\";s:20:\\"expiresAtMessageData\\";a:1:{s:7:\\"%count%\\";i:1;}}i:3;a:6:{i:0;N;i:1;N;i:2;N;i:3;N;i:4;a:0:{}i:5;a:2:{i:0;O:37:\\"Symfony\\\\Component\\\\Mime\\\\Header\\\\Headers\\":2:{s:46:\\"\\0Symfony\\\\Component\\\\Mime\\\\Header\\\\Headers\\0headers\\";a:3:{s:4:\\"from\\";a:1:{i:0;O:47:\\"Symfony\\\\Component\\\\Mime\\\\Header\\\\MailboxListHeader\\":5:{s:50:\\"\\0Symfony\\\\Component\\\\Mime\\\\Header\\\\AbstractHeader\\0name\\";s:4:\\"From\\";s:56:\\"\\0Symfony\\\\Component\\\\Mime\\\\Header\\\\AbstractHeader\\0lineLength\\";i:76;s:50:\\"\\0Symfony\\\\Component\\\\Mime\\\\Header\\\\AbstractHeader\\0lang\\";N;s:53:\\"\\0Symfony\\\\Component\\\\Mime\\\\Header\\\\AbstractHeader\\0charset\\";s:5:\\"utf-8\\";s:58:\\"\\0Symfony\\\\Component\\\\Mime\\\\Header\\\\MailboxListHeader\\0addresses\\";a:1:{i:0;O:30:\\"Symfony\\\\Component\\\\Mime\\\\Address\\":2:{s:39:\\"\\0Symfony\\\\Component\\\\Mime\\\\Address\\0address\\";s:19:\\"skatespot@admin.com\\";s:36:\\"\\0Symfony\\\\Component\\\\Mime\\\\Address\\0name\\";s:25:\\"Seb (admin de Skate Spot)\\";}}}}s:2:\\"to\\";a:1:{i:0;O:47:\\"Symfony\\\\Component\\\\Mime\\\\Header\\\\MailboxListHeader\\":5:{s:50:\\"\\0Symfony\\\\Component\\\\Mime\\\\Header\\\\AbstractHeader\\0name\\";s:2:\\"To\\";s:56:\\"\\0Symfony\\\\Component\\\\Mime\\\\Header\\\\AbstractHeader\\0lineLength\\";i:76;s:50:\\"\\0Symfony\\\\Component\\\\Mime\\\\Header\\\\AbstractHeader\\0lang\\";N;s:53:\\"\\0Symfony\\\\Component\\\\Mime\\\\Header\\\\AbstractHeader\\0charset\\";s:5:\\"utf-8\\";s:58:\\"\\0Symfony\\\\Component\\\\Mime\\\\Header\\\\MailboxListHeader\\0addresses\\";a:1:{i:0;O:30:\\"Symfony\\\\Component\\\\Mime\\\\Address\\":2:{s:39:\\"\\0Symfony\\\\Component\\\\Mime\\\\Address\\0address\\";s:15:\\"admin@admin.com\\";s:36:\\"\\0Symfony\\\\Component\\\\Mime\\\\Address\\0name\\";s:0:\\"\\";}}}}s:7:\\"subject\\";a:1:{i:0;O:48:\\"Symfony\\\\Component\\\\Mime\\\\Header\\\\UnstructuredHeader\\":5:{s:50:\\"\\0Symfony\\\\Component\\\\Mime\\\\Header\\\\AbstractHeader\\0name\\";s:7:\\"Subject\\";s:56:\\"\\0Symfony\\\\Component\\\\Mime\\\\Header\\\\AbstractHeader\\0lineLength\\";i:76;s:50:\\"\\0Symfony\\\\Component\\\\Mime\\\\Header\\\\AbstractHeader\\0lang\\";N;s:53:\\"\\0Symfony\\\\Component\\\\Mime\\\\Header\\\\AbstractHeader\\0charset\\";s:5:\\"utf-8\\";s:55:\\"\\0Symfony\\\\Component\\\\Mime\\\\Header\\\\UnstructuredHeader\\0value\\";s:25:\\"Please Confirm your Email\\";}}}s:49:\\"\\0Symfony\\\\Component\\\\Mime\\\\Header\\\\Headers\\0lineLength\\";i:76;}i:1;N;}}}s:61:\\"\\0Symfony\\\\Component\\\\Mailer\\\\Messenger\\\\SendEmailMessage\\0envelope\\";N;}}', '[]', 'default', '2023-05-12 06:47:32', '2023-05-12 06:47:32', NULL),
	(2, 'O:36:\\"Symfony\\\\Component\\\\Messenger\\\\Envelope\\":2:{s:44:\\"\\0Symfony\\\\Component\\\\Messenger\\\\Envelope\\0stamps\\";a:1:{s:46:\\"Symfony\\\\Component\\\\Messenger\\\\Stamp\\\\BusNameStamp\\";a:1:{i:0;O:46:\\"Symfony\\\\Component\\\\Messenger\\\\Stamp\\\\BusNameStamp\\":1:{s:55:\\"\\0Symfony\\\\Component\\\\Messenger\\\\Stamp\\\\BusNameStamp\\0busName\\";s:21:\\"messenger.bus.default\\";}}}s:45:\\"\\0Symfony\\\\Component\\\\Messenger\\\\Envelope\\0message\\";O:51:\\"Symfony\\\\Component\\\\Mailer\\\\Messenger\\\\SendEmailMessage\\":2:{s:60:\\"\\0Symfony\\\\Component\\\\Mailer\\\\Messenger\\\\SendEmailMessage\\0message\\";O:39:\\"Symfony\\\\Bridge\\\\Twig\\\\Mime\\\\TemplatedEmail\\":4:{i:0;s:41:\\"registration/confirmation_email.html.twig\\";i:1;N;i:2;a:3:{s:9:\\"signedUrl\\";s:169:\\"http://127.0.0.1:8000/verify/email?expires=1684150041&signature=MVW0Fru%2BNCse4jjVJwNHKg73jrbDYBS2Hw0iRecextU%3D&token=FfX%2ByqzoNfdWCCFAUAQxtho5tpGctA1QV%2FoN83lJT5I%3D\\";s:19:\\"expiresAtMessageKey\\";s:26:\\"%count% hour|%count% hours\\";s:20:\\"expiresAtMessageData\\";a:1:{s:7:\\"%count%\\";i:1;}}i:3;a:6:{i:0;N;i:1;N;i:2;N;i:3;N;i:4;a:0:{}i:5;a:2:{i:0;O:37:\\"Symfony\\\\Component\\\\Mime\\\\Header\\\\Headers\\":2:{s:46:\\"\\0Symfony\\\\Component\\\\Mime\\\\Header\\\\Headers\\0headers\\";a:3:{s:4:\\"from\\";a:1:{i:0;O:47:\\"Symfony\\\\Component\\\\Mime\\\\Header\\\\MailboxListHeader\\":5:{s:50:\\"\\0Symfony\\\\Component\\\\Mime\\\\Header\\\\AbstractHeader\\0name\\";s:4:\\"From\\";s:56:\\"\\0Symfony\\\\Component\\\\Mime\\\\Header\\\\AbstractHeader\\0lineLength\\";i:76;s:50:\\"\\0Symfony\\\\Component\\\\Mime\\\\Header\\\\AbstractHeader\\0lang\\";N;s:53:\\"\\0Symfony\\\\Component\\\\Mime\\\\Header\\\\AbstractHeader\\0charset\\";s:5:\\"utf-8\\";s:58:\\"\\0Symfony\\\\Component\\\\Mime\\\\Header\\\\MailboxListHeader\\0addresses\\";a:1:{i:0;O:30:\\"Symfony\\\\Component\\\\Mime\\\\Address\\":2:{s:39:\\"\\0Symfony\\\\Component\\\\Mime\\\\Address\\0address\\";s:19:\\"skatespot@admin.com\\";s:36:\\"\\0Symfony\\\\Component\\\\Mime\\\\Address\\0name\\";s:25:\\"Seb (admin de Skate Spot)\\";}}}}s:2:\\"to\\";a:1:{i:0;O:47:\\"Symfony\\\\Component\\\\Mime\\\\Header\\\\MailboxListHeader\\":5:{s:50:\\"\\0Symfony\\\\Component\\\\Mime\\\\Header\\\\AbstractHeader\\0name\\";s:2:\\"To\\";s:56:\\"\\0Symfony\\\\Component\\\\Mime\\\\Header\\\\AbstractHeader\\0lineLength\\";i:76;s:50:\\"\\0Symfony\\\\Component\\\\Mime\\\\Header\\\\AbstractHeader\\0lang\\";N;s:53:\\"\\0Symfony\\\\Component\\\\Mime\\\\Header\\\\AbstractHeader\\0charset\\";s:5:\\"utf-8\\";s:58:\\"\\0Symfony\\\\Component\\\\Mime\\\\Header\\\\MailboxListHeader\\0addresses\\";a:1:{i:0;O:30:\\"Symfony\\\\Component\\\\Mime\\\\Address\\":2:{s:39:\\"\\0Symfony\\\\Component\\\\Mime\\\\Address\\0address\\";s:23:\\"exemplemail@exemple.com\\";s:36:\\"\\0Symfony\\\\Component\\\\Mime\\\\Address\\0name\\";s:0:\\"\\";}}}}s:7:\\"subject\\";a:1:{i:0;O:48:\\"Symfony\\\\Component\\\\Mime\\\\Header\\\\UnstructuredHeader\\":5:{s:50:\\"\\0Symfony\\\\Component\\\\Mime\\\\Header\\\\AbstractHeader\\0name\\";s:7:\\"Subject\\";s:56:\\"\\0Symfony\\\\Component\\\\Mime\\\\Header\\\\AbstractHeader\\0lineLength\\";i:76;s:50:\\"\\0Symfony\\\\Component\\\\Mime\\\\Header\\\\AbstractHeader\\0lang\\";N;s:53:\\"\\0Symfony\\\\Component\\\\Mime\\\\Header\\\\AbstractHeader\\0charset\\";s:5:\\"utf-8\\";s:55:\\"\\0Symfony\\\\Component\\\\Mime\\\\Header\\\\UnstructuredHeader\\0value\\";s:25:\\"Please Confirm your Email\\";}}}s:49:\\"\\0Symfony\\\\Component\\\\Mime\\\\Header\\\\Headers\\0lineLength\\";i:76;}i:1;N;}}}s:61:\\"\\0Symfony\\\\Component\\\\Mailer\\\\Messenger\\\\SendEmailMessage\\0envelope\\";N;}}', '[]', 'default', '2023-05-15 12:27:21', '2023-05-15 12:27:21', NULL),
	(3, 'O:36:\\"Symfony\\\\Component\\\\Messenger\\\\Envelope\\":2:{s:44:\\"\\0Symfony\\\\Component\\\\Messenger\\\\Envelope\\0stamps\\";a:1:{s:46:\\"Symfony\\\\Component\\\\Messenger\\\\Stamp\\\\BusNameStamp\\";a:1:{i:0;O:46:\\"Symfony\\\\Component\\\\Messenger\\\\Stamp\\\\BusNameStamp\\":1:{s:55:\\"\\0Symfony\\\\Component\\\\Messenger\\\\Stamp\\\\BusNameStamp\\0busName\\";s:21:\\"messenger.bus.default\\";}}}s:45:\\"\\0Symfony\\\\Component\\\\Messenger\\\\Envelope\\0message\\";O:51:\\"Symfony\\\\Component\\\\Mailer\\\\Messenger\\\\SendEmailMessage\\":2:{s:60:\\"\\0Symfony\\\\Component\\\\Mailer\\\\Messenger\\\\SendEmailMessage\\0message\\";O:39:\\"Symfony\\\\Bridge\\\\Twig\\\\Mime\\\\TemplatedEmail\\":4:{i:0;s:41:\\"registration/confirmation_email.html.twig\\";i:1;N;i:2;a:3:{s:9:\\"signedUrl\\";s:167:\\"http://127.0.0.1:8000/verify/email?expires=1685117210&signature=WUcCVdTvwgr0i4tNec032ikiAdJp7ynSFQO3Y9cDgkA%3D&token=5wmDnI8KwtFGhgphFH6M%2BW7AeBU5xJKoPwaaw%2F6haX4%3D\\";s:19:\\"expiresAtMessageKey\\";s:26:\\"%count% hour|%count% hours\\";s:20:\\"expiresAtMessageData\\";a:1:{s:7:\\"%count%\\";i:1;}}i:3;a:6:{i:0;N;i:1;N;i:2;N;i:3;N;i:4;a:0:{}i:5;a:2:{i:0;O:37:\\"Symfony\\\\Component\\\\Mime\\\\Header\\\\Headers\\":2:{s:46:\\"\\0Symfony\\\\Component\\\\Mime\\\\Header\\\\Headers\\0headers\\";a:3:{s:4:\\"from\\";a:1:{i:0;O:47:\\"Symfony\\\\Component\\\\Mime\\\\Header\\\\MailboxListHeader\\":5:{s:50:\\"\\0Symfony\\\\Component\\\\Mime\\\\Header\\\\AbstractHeader\\0name\\";s:4:\\"From\\";s:56:\\"\\0Symfony\\\\Component\\\\Mime\\\\Header\\\\AbstractHeader\\0lineLength\\";i:76;s:50:\\"\\0Symfony\\\\Component\\\\Mime\\\\Header\\\\AbstractHeader\\0lang\\";N;s:53:\\"\\0Symfony\\\\Component\\\\Mime\\\\Header\\\\AbstractHeader\\0charset\\";s:5:\\"utf-8\\";s:58:\\"\\0Symfony\\\\Component\\\\Mime\\\\Header\\\\MailboxListHeader\\0addresses\\";a:1:{i:0;O:30:\\"Symfony\\\\Component\\\\Mime\\\\Address\\":2:{s:39:\\"\\0Symfony\\\\Component\\\\Mime\\\\Address\\0address\\";s:19:\\"skatespot@admin.com\\";s:36:\\"\\0Symfony\\\\Component\\\\Mime\\\\Address\\0name\\";s:25:\\"Seb (admin de Skate Spot)\\";}}}}s:2:\\"to\\";a:1:{i:0;O:47:\\"Symfony\\\\Component\\\\Mime\\\\Header\\\\MailboxListHeader\\":5:{s:50:\\"\\0Symfony\\\\Component\\\\Mime\\\\Header\\\\AbstractHeader\\0name\\";s:2:\\"To\\";s:56:\\"\\0Symfony\\\\Component\\\\Mime\\\\Header\\\\AbstractHeader\\0lineLength\\";i:76;s:50:\\"\\0Symfony\\\\Component\\\\Mime\\\\Header\\\\AbstractHeader\\0lang\\";N;s:53:\\"\\0Symfony\\\\Component\\\\Mime\\\\Header\\\\AbstractHeader\\0charset\\";s:5:\\"utf-8\\";s:58:\\"\\0Symfony\\\\Component\\\\Mime\\\\Header\\\\MailboxListHeader\\0addresses\\";a:1:{i:0;O:30:\\"Symfony\\\\Component\\\\Mime\\\\Address\\":2:{s:39:\\"\\0Symfony\\\\Component\\\\Mime\\\\Address\\0address\\";s:17:\\"admin@exemple.com\\";s:36:\\"\\0Symfony\\\\Component\\\\Mime\\\\Address\\0name\\";s:0:\\"\\";}}}}s:7:\\"subject\\";a:1:{i:0;O:48:\\"Symfony\\\\Component\\\\Mime\\\\Header\\\\UnstructuredHeader\\":5:{s:50:\\"\\0Symfony\\\\Component\\\\Mime\\\\Header\\\\AbstractHeader\\0name\\";s:7:\\"Subject\\";s:56:\\"\\0Symfony\\\\Component\\\\Mime\\\\Header\\\\AbstractHeader\\0lineLength\\";i:76;s:50:\\"\\0Symfony\\\\Component\\\\Mime\\\\Header\\\\AbstractHeader\\0lang\\";N;s:53:\\"\\0Symfony\\\\Component\\\\Mime\\\\Header\\\\AbstractHeader\\0charset\\";s:5:\\"utf-8\\";s:55:\\"\\0Symfony\\\\Component\\\\Mime\\\\Header\\\\UnstructuredHeader\\0value\\";s:25:\\"Please Confirm your Email\\";}}}s:49:\\"\\0Symfony\\\\Component\\\\Mime\\\\Header\\\\Headers\\0lineLength\\";i:76;}i:1;N;}}}s:61:\\"\\0Symfony\\\\Component\\\\Mailer\\\\Messenger\\\\SendEmailMessage\\0envelope\\";N;}}', '[]', 'default', '2023-05-26 15:06:51', '2023-05-26 15:06:51', NULL),
	(4, 'O:36:\\"Symfony\\\\Component\\\\Messenger\\\\Envelope\\":2:{s:44:\\"\\0Symfony\\\\Component\\\\Messenger\\\\Envelope\\0stamps\\";a:1:{s:46:\\"Symfony\\\\Component\\\\Messenger\\\\Stamp\\\\BusNameStamp\\";a:1:{i:0;O:46:\\"Symfony\\\\Component\\\\Messenger\\\\Stamp\\\\BusNameStamp\\":1:{s:55:\\"\\0Symfony\\\\Component\\\\Messenger\\\\Stamp\\\\BusNameStamp\\0busName\\";s:21:\\"messenger.bus.default\\";}}}s:45:\\"\\0Symfony\\\\Component\\\\Messenger\\\\Envelope\\0message\\";O:51:\\"Symfony\\\\Component\\\\Mailer\\\\Messenger\\\\SendEmailMessage\\":2:{s:60:\\"\\0Symfony\\\\Component\\\\Mailer\\\\Messenger\\\\SendEmailMessage\\0message\\";O:39:\\"Symfony\\\\Bridge\\\\Twig\\\\Mime\\\\TemplatedEmail\\":4:{i:0;s:41:\\"registration/confirmation_email.html.twig\\";i:1;N;i:2;a:3:{s:9:\\"signedUrl\\";s:173:\\"http://127.0.0.1:8000/verify/email?expires=1690307279&signature=bv%2B0ae6lZOmLEXQ3qobKF%2FqoIRKpNHUj%2BknDlHq1Y4U%3D&token=H%2FAxwJE0dD%2B5oNlO5YVbTWP08nA7kjk7vQaARCEdjY8%3D\\";s:19:\\"expiresAtMessageKey\\";s:26:\\"%count% hour|%count% hours\\";s:20:\\"expiresAtMessageData\\";a:1:{s:7:\\"%count%\\";i:1;}}i:3;a:6:{i:0;N;i:1;N;i:2;N;i:3;N;i:4;a:0:{}i:5;a:2:{i:0;O:37:\\"Symfony\\\\Component\\\\Mime\\\\Header\\\\Headers\\":2:{s:46:\\"\\0Symfony\\\\Component\\\\Mime\\\\Header\\\\Headers\\0headers\\";a:3:{s:4:\\"from\\";a:1:{i:0;O:47:\\"Symfony\\\\Component\\\\Mime\\\\Header\\\\MailboxListHeader\\":5:{s:50:\\"\\0Symfony\\\\Component\\\\Mime\\\\Header\\\\AbstractHeader\\0name\\";s:4:\\"From\\";s:56:\\"\\0Symfony\\\\Component\\\\Mime\\\\Header\\\\AbstractHeader\\0lineLength\\";i:76;s:50:\\"\\0Symfony\\\\Component\\\\Mime\\\\Header\\\\AbstractHeader\\0lang\\";N;s:53:\\"\\0Symfony\\\\Component\\\\Mime\\\\Header\\\\AbstractHeader\\0charset\\";s:5:\\"utf-8\\";s:58:\\"\\0Symfony\\\\Component\\\\Mime\\\\Header\\\\MailboxListHeader\\0addresses\\";a:1:{i:0;O:30:\\"Symfony\\\\Component\\\\Mime\\\\Address\\":2:{s:39:\\"\\0Symfony\\\\Component\\\\Mime\\\\Address\\0address\\";s:19:\\"skatespot@admin.com\\";s:36:\\"\\0Symfony\\\\Component\\\\Mime\\\\Address\\0name\\";s:25:\\"Seb (admin de Skate Spot)\\";}}}}s:2:\\"to\\";a:1:{i:0;O:47:\\"Symfony\\\\Component\\\\Mime\\\\Header\\\\MailboxListHeader\\":5:{s:50:\\"\\0Symfony\\\\Component\\\\Mime\\\\Header\\\\AbstractHeader\\0name\\";s:2:\\"To\\";s:56:\\"\\0Symfony\\\\Component\\\\Mime\\\\Header\\\\AbstractHeader\\0lineLength\\";i:76;s:50:\\"\\0Symfony\\\\Component\\\\Mime\\\\Header\\\\AbstractHeader\\0lang\\";N;s:53:\\"\\0Symfony\\\\Component\\\\Mime\\\\Header\\\\AbstractHeader\\0charset\\";s:5:\\"utf-8\\";s:58:\\"\\0Symfony\\\\Component\\\\Mime\\\\Header\\\\MailboxListHeader\\0addresses\\";a:1:{i:0;O:30:\\"Symfony\\\\Component\\\\Mime\\\\Address\\":2:{s:39:\\"\\0Symfony\\\\Component\\\\Mime\\\\Address\\0address\\";s:15:\\"essai@gmail.com\\";s:36:\\"\\0Symfony\\\\Component\\\\Mime\\\\Address\\0name\\";s:0:\\"\\";}}}}s:7:\\"subject\\";a:1:{i:0;O:48:\\"Symfony\\\\Component\\\\Mime\\\\Header\\\\UnstructuredHeader\\":5:{s:50:\\"\\0Symfony\\\\Component\\\\Mime\\\\Header\\\\AbstractHeader\\0name\\";s:7:\\"Subject\\";s:56:\\"\\0Symfony\\\\Component\\\\Mime\\\\Header\\\\AbstractHeader\\0lineLength\\";i:76;s:50:\\"\\0Symfony\\\\Component\\\\Mime\\\\Header\\\\AbstractHeader\\0lang\\";N;s:53:\\"\\0Symfony\\\\Component\\\\Mime\\\\Header\\\\AbstractHeader\\0charset\\";s:5:\\"utf-8\\";s:55:\\"\\0Symfony\\\\Component\\\\Mime\\\\Header\\\\UnstructuredHeader\\0value\\";s:25:\\"Please Confirm your Email\\";}}}s:49:\\"\\0Symfony\\\\Component\\\\Mime\\\\Header\\\\Headers\\0lineLength\\";i:76;}i:1;N;}}}s:61:\\"\\0Symfony\\\\Component\\\\Mailer\\\\Messenger\\\\SendEmailMessage\\0envelope\\";N;}}', '[]', 'default', '2023-07-25 16:47:59', '2023-07-25 16:47:59', NULL),
	(5, 'O:36:\\"Symfony\\\\Component\\\\Messenger\\\\Envelope\\":2:{s:44:\\"\\0Symfony\\\\Component\\\\Messenger\\\\Envelope\\0stamps\\";a:1:{s:46:\\"Symfony\\\\Component\\\\Messenger\\\\Stamp\\\\BusNameStamp\\";a:1:{i:0;O:46:\\"Symfony\\\\Component\\\\Messenger\\\\Stamp\\\\BusNameStamp\\":1:{s:55:\\"\\0Symfony\\\\Component\\\\Messenger\\\\Stamp\\\\BusNameStamp\\0busName\\";s:21:\\"messenger.bus.default\\";}}}s:45:\\"\\0Symfony\\\\Component\\\\Messenger\\\\Envelope\\0message\\";O:51:\\"Symfony\\\\Component\\\\Mailer\\\\Messenger\\\\SendEmailMessage\\":2:{s:60:\\"\\0Symfony\\\\Component\\\\Mailer\\\\Messenger\\\\SendEmailMessage\\0message\\";O:39:\\"Symfony\\\\Bridge\\\\Twig\\\\Mime\\\\TemplatedEmail\\":4:{i:0;s:41:\\"registration/confirmation_email.html.twig\\";i:1;N;i:2;a:3:{s:9:\\"signedUrl\\";s:169:\\"http://127.0.0.1:8000/verify/email?expires=1690309084&signature=eQqjlDFgZD1x8EC0qYz2i37dyMRN3p0ltYjjr71pnE4%3D&token=2YaeM3rBgx9Pwipi2A6%2BIXSZ7r%2FEGe1%2FUT2i6v8R2qk%3D\\";s:19:\\"expiresAtMessageKey\\";s:26:\\"%count% hour|%count% hours\\";s:20:\\"expiresAtMessageData\\";a:1:{s:7:\\"%count%\\";i:1;}}i:3;a:6:{i:0;N;i:1;N;i:2;N;i:3;N;i:4;a:0:{}i:5;a:2:{i:0;O:37:\\"Symfony\\\\Component\\\\Mime\\\\Header\\\\Headers\\":2:{s:46:\\"\\0Symfony\\\\Component\\\\Mime\\\\Header\\\\Headers\\0headers\\";a:3:{s:4:\\"from\\";a:1:{i:0;O:47:\\"Symfony\\\\Component\\\\Mime\\\\Header\\\\MailboxListHeader\\":5:{s:50:\\"\\0Symfony\\\\Component\\\\Mime\\\\Header\\\\AbstractHeader\\0name\\";s:4:\\"From\\";s:56:\\"\\0Symfony\\\\Component\\\\Mime\\\\Header\\\\AbstractHeader\\0lineLength\\";i:76;s:50:\\"\\0Symfony\\\\Component\\\\Mime\\\\Header\\\\AbstractHeader\\0lang\\";N;s:53:\\"\\0Symfony\\\\Component\\\\Mime\\\\Header\\\\AbstractHeader\\0charset\\";s:5:\\"utf-8\\";s:58:\\"\\0Symfony\\\\Component\\\\Mime\\\\Header\\\\MailboxListHeader\\0addresses\\";a:1:{i:0;O:30:\\"Symfony\\\\Component\\\\Mime\\\\Address\\":2:{s:39:\\"\\0Symfony\\\\Component\\\\Mime\\\\Address\\0address\\";s:19:\\"skatespot@admin.com\\";s:36:\\"\\0Symfony\\\\Component\\\\Mime\\\\Address\\0name\\";s:25:\\"Seb (admin de Skate Spot)\\";}}}}s:2:\\"to\\";a:1:{i:0;O:47:\\"Symfony\\\\Component\\\\Mime\\\\Header\\\\MailboxListHeader\\":5:{s:50:\\"\\0Symfony\\\\Component\\\\Mime\\\\Header\\\\AbstractHeader\\0name\\";s:2:\\"To\\";s:56:\\"\\0Symfony\\\\Component\\\\Mime\\\\Header\\\\AbstractHeader\\0lineLength\\";i:76;s:50:\\"\\0Symfony\\\\Component\\\\Mime\\\\Header\\\\AbstractHeader\\0lang\\";N;s:53:\\"\\0Symfony\\\\Component\\\\Mime\\\\Header\\\\AbstractHeader\\0charset\\";s:5:\\"utf-8\\";s:58:\\"\\0Symfony\\\\Component\\\\Mime\\\\Header\\\\MailboxListHeader\\0addresses\\";a:1:{i:0;O:30:\\"Symfony\\\\Component\\\\Mime\\\\Address\\":2:{s:39:\\"\\0Symfony\\\\Component\\\\Mime\\\\Address\\0address\\";s:16:\\"essai2@gmail.com\\";s:36:\\"\\0Symfony\\\\Component\\\\Mime\\\\Address\\0name\\";s:0:\\"\\";}}}}s:7:\\"subject\\";a:1:{i:0;O:48:\\"Symfony\\\\Component\\\\Mime\\\\Header\\\\UnstructuredHeader\\":5:{s:50:\\"\\0Symfony\\\\Component\\\\Mime\\\\Header\\\\AbstractHeader\\0name\\";s:7:\\"Subject\\";s:56:\\"\\0Symfony\\\\Component\\\\Mime\\\\Header\\\\AbstractHeader\\0lineLength\\";i:76;s:50:\\"\\0Symfony\\\\Component\\\\Mime\\\\Header\\\\AbstractHeader\\0lang\\";N;s:53:\\"\\0Symfony\\\\Component\\\\Mime\\\\Header\\\\AbstractHeader\\0charset\\";s:5:\\"utf-8\\";s:55:\\"\\0Symfony\\\\Component\\\\Mime\\\\Header\\\\UnstructuredHeader\\0value\\";s:25:\\"Please Confirm your Email\\";}}}s:49:\\"\\0Symfony\\\\Component\\\\Mime\\\\Header\\\\Headers\\0lineLength\\";i:76;}i:1;N;}}}s:61:\\"\\0Symfony\\\\Component\\\\Mailer\\\\Messenger\\\\SendEmailMessage\\0envelope\\";N;}}', '[]', 'default', '2023-07-25 17:18:05', '2023-07-25 17:18:05', NULL),
	(6, 'O:36:\\"Symfony\\\\Component\\\\Messenger\\\\Envelope\\":2:{s:44:\\"\\0Symfony\\\\Component\\\\Messenger\\\\Envelope\\0stamps\\";a:1:{s:46:\\"Symfony\\\\Component\\\\Messenger\\\\Stamp\\\\BusNameStamp\\";a:1:{i:0;O:46:\\"Symfony\\\\Component\\\\Messenger\\\\Stamp\\\\BusNameStamp\\":1:{s:55:\\"\\0Symfony\\\\Component\\\\Messenger\\\\Stamp\\\\BusNameStamp\\0busName\\";s:21:\\"messenger.bus.default\\";}}}s:45:\\"\\0Symfony\\\\Component\\\\Messenger\\\\Envelope\\0message\\";O:51:\\"Symfony\\\\Component\\\\Mailer\\\\Messenger\\\\SendEmailMessage\\":2:{s:60:\\"\\0Symfony\\\\Component\\\\Mailer\\\\Messenger\\\\SendEmailMessage\\0message\\";O:39:\\"Symfony\\\\Bridge\\\\Twig\\\\Mime\\\\TemplatedEmail\\":4:{i:0;s:41:\\"registration/confirmation_email.html.twig\\";i:1;N;i:2;a:3:{s:9:\\"signedUrl\\";s:163:\\"http://127.0.0.1:8000/verify/email?expires=1690309267&signature=vpckPyUHht59GdM4asW0GmDfEdDScbgAj9nkkxEiI9g%3D&token=1h4mK9MGRgyIWpsyjhaFk7VIZT8mP8Z044EYNMci7mE%3D\\";s:19:\\"expiresAtMessageKey\\";s:26:\\"%count% hour|%count% hours\\";s:20:\\"expiresAtMessageData\\";a:1:{s:7:\\"%count%\\";i:1;}}i:3;a:6:{i:0;N;i:1;N;i:2;N;i:3;N;i:4;a:0:{}i:5;a:2:{i:0;O:37:\\"Symfony\\\\Component\\\\Mime\\\\Header\\\\Headers\\":2:{s:46:\\"\\0Symfony\\\\Component\\\\Mime\\\\Header\\\\Headers\\0headers\\";a:3:{s:4:\\"from\\";a:1:{i:0;O:47:\\"Symfony\\\\Component\\\\Mime\\\\Header\\\\MailboxListHeader\\":5:{s:50:\\"\\0Symfony\\\\Component\\\\Mime\\\\Header\\\\AbstractHeader\\0name\\";s:4:\\"From\\";s:56:\\"\\0Symfony\\\\Component\\\\Mime\\\\Header\\\\AbstractHeader\\0lineLength\\";i:76;s:50:\\"\\0Symfony\\\\Component\\\\Mime\\\\Header\\\\AbstractHeader\\0lang\\";N;s:53:\\"\\0Symfony\\\\Component\\\\Mime\\\\Header\\\\AbstractHeader\\0charset\\";s:5:\\"utf-8\\";s:58:\\"\\0Symfony\\\\Component\\\\Mime\\\\Header\\\\MailboxListHeader\\0addresses\\";a:1:{i:0;O:30:\\"Symfony\\\\Component\\\\Mime\\\\Address\\":2:{s:39:\\"\\0Symfony\\\\Component\\\\Mime\\\\Address\\0address\\";s:19:\\"skatespot@admin.com\\";s:36:\\"\\0Symfony\\\\Component\\\\Mime\\\\Address\\0name\\";s:25:\\"Seb (admin de Skate Spot)\\";}}}}s:2:\\"to\\";a:1:{i:0;O:47:\\"Symfony\\\\Component\\\\Mime\\\\Header\\\\MailboxListHeader\\":5:{s:50:\\"\\0Symfony\\\\Component\\\\Mime\\\\Header\\\\AbstractHeader\\0name\\";s:2:\\"To\\";s:56:\\"\\0Symfony\\\\Component\\\\Mime\\\\Header\\\\AbstractHeader\\0lineLength\\";i:76;s:50:\\"\\0Symfony\\\\Component\\\\Mime\\\\Header\\\\AbstractHeader\\0lang\\";N;s:53:\\"\\0Symfony\\\\Component\\\\Mime\\\\Header\\\\AbstractHeader\\0charset\\";s:5:\\"utf-8\\";s:58:\\"\\0Symfony\\\\Component\\\\Mime\\\\Header\\\\MailboxListHeader\\0addresses\\";a:1:{i:0;O:30:\\"Symfony\\\\Component\\\\Mime\\\\Address\\":2:{s:39:\\"\\0Symfony\\\\Component\\\\Mime\\\\Address\\0address\\";s:16:\\"essai3@gmail.com\\";s:36:\\"\\0Symfony\\\\Component\\\\Mime\\\\Address\\0name\\";s:0:\\"\\";}}}}s:7:\\"subject\\";a:1:{i:0;O:48:\\"Symfony\\\\Component\\\\Mime\\\\Header\\\\UnstructuredHeader\\":5:{s:50:\\"\\0Symfony\\\\Component\\\\Mime\\\\Header\\\\AbstractHeader\\0name\\";s:7:\\"Subject\\";s:56:\\"\\0Symfony\\\\Component\\\\Mime\\\\Header\\\\AbstractHeader\\0lineLength\\";i:76;s:50:\\"\\0Symfony\\\\Component\\\\Mime\\\\Header\\\\AbstractHeader\\0lang\\";N;s:53:\\"\\0Symfony\\\\Component\\\\Mime\\\\Header\\\\AbstractHeader\\0charset\\";s:5:\\"utf-8\\";s:55:\\"\\0Symfony\\\\Component\\\\Mime\\\\Header\\\\UnstructuredHeader\\0value\\";s:25:\\"Please Confirm your Email\\";}}}s:49:\\"\\0Symfony\\\\Component\\\\Mime\\\\Header\\\\Headers\\0lineLength\\";i:76;}i:1;N;}}}s:61:\\"\\0Symfony\\\\Component\\\\Mailer\\\\Messenger\\\\SendEmailMessage\\0envelope\\";N;}}', '[]', 'default', '2023-07-25 17:21:07', '2023-07-25 17:21:07', NULL),
	(7, 'O:36:\\"Symfony\\\\Component\\\\Messenger\\\\Envelope\\":2:{s:44:\\"\\0Symfony\\\\Component\\\\Messenger\\\\Envelope\\0stamps\\";a:1:{s:46:\\"Symfony\\\\Component\\\\Messenger\\\\Stamp\\\\BusNameStamp\\";a:1:{i:0;O:46:\\"Symfony\\\\Component\\\\Messenger\\\\Stamp\\\\BusNameStamp\\":1:{s:55:\\"\\0Symfony\\\\Component\\\\Messenger\\\\Stamp\\\\BusNameStamp\\0busName\\";s:21:\\"messenger.bus.default\\";}}}s:45:\\"\\0Symfony\\\\Component\\\\Messenger\\\\Envelope\\0message\\";O:51:\\"Symfony\\\\Component\\\\Mailer\\\\Messenger\\\\SendEmailMessage\\":2:{s:60:\\"\\0Symfony\\\\Component\\\\Mailer\\\\Messenger\\\\SendEmailMessage\\0message\\";O:39:\\"Symfony\\\\Bridge\\\\Twig\\\\Mime\\\\TemplatedEmail\\":4:{i:0;s:41:\\"registration/confirmation_email.html.twig\\";i:1;N;i:2;a:3:{s:9:\\"signedUrl\\";s:165:\\"http://127.0.0.1:8000/verify/email?expires=1690973598&signature=rvE18adFFugkU9%2B6EQsAZsba211sKlpKQTin1RhsmtQ%3D&token=M9bX6awWlEmYxlaeeZfg0kfPllOQRo1awvYujqT7pnc%3D\\";s:19:\\"expiresAtMessageKey\\";s:26:\\"%count% hour|%count% hours\\";s:20:\\"expiresAtMessageData\\";a:1:{s:7:\\"%count%\\";i:1;}}i:3;a:6:{i:0;N;i:1;N;i:2;N;i:3;N;i:4;a:0:{}i:5;a:2:{i:0;O:37:\\"Symfony\\\\Component\\\\Mime\\\\Header\\\\Headers\\":2:{s:46:\\"\\0Symfony\\\\Component\\\\Mime\\\\Header\\\\Headers\\0headers\\";a:3:{s:4:\\"from\\";a:1:{i:0;O:47:\\"Symfony\\\\Component\\\\Mime\\\\Header\\\\MailboxListHeader\\":5:{s:50:\\"\\0Symfony\\\\Component\\\\Mime\\\\Header\\\\AbstractHeader\\0name\\";s:4:\\"From\\";s:56:\\"\\0Symfony\\\\Component\\\\Mime\\\\Header\\\\AbstractHeader\\0lineLength\\";i:76;s:50:\\"\\0Symfony\\\\Component\\\\Mime\\\\Header\\\\AbstractHeader\\0lang\\";N;s:53:\\"\\0Symfony\\\\Component\\\\Mime\\\\Header\\\\AbstractHeader\\0charset\\";s:5:\\"utf-8\\";s:58:\\"\\0Symfony\\\\Component\\\\Mime\\\\Header\\\\MailboxListHeader\\0addresses\\";a:1:{i:0;O:30:\\"Symfony\\\\Component\\\\Mime\\\\Address\\":2:{s:39:\\"\\0Symfony\\\\Component\\\\Mime\\\\Address\\0address\\";s:19:\\"skatespot@admin.com\\";s:36:\\"\\0Symfony\\\\Component\\\\Mime\\\\Address\\0name\\";s:25:\\"Seb (admin de Skate Spot)\\";}}}}s:2:\\"to\\";a:1:{i:0;O:47:\\"Symfony\\\\Component\\\\Mime\\\\Header\\\\MailboxListHeader\\":5:{s:50:\\"\\0Symfony\\\\Component\\\\Mime\\\\Header\\\\AbstractHeader\\0name\\";s:2:\\"To\\";s:56:\\"\\0Symfony\\\\Component\\\\Mime\\\\Header\\\\AbstractHeader\\0lineLength\\";i:76;s:50:\\"\\0Symfony\\\\Component\\\\Mime\\\\Header\\\\AbstractHeader\\0lang\\";N;s:53:\\"\\0Symfony\\\\Component\\\\Mime\\\\Header\\\\AbstractHeader\\0charset\\";s:5:\\"utf-8\\";s:58:\\"\\0Symfony\\\\Component\\\\Mime\\\\Header\\\\MailboxListHeader\\0addresses\\";a:1:{i:0;O:30:\\"Symfony\\\\Component\\\\Mime\\\\Address\\":2:{s:39:\\"\\0Symfony\\\\Component\\\\Mime\\\\Address\\0address\\";s:23:\\"supprimer@supprimer.com\\";s:36:\\"\\0Symfony\\\\Component\\\\Mime\\\\Address\\0name\\";s:0:\\"\\";}}}}s:7:\\"subject\\";a:1:{i:0;O:48:\\"Symfony\\\\Component\\\\Mime\\\\Header\\\\UnstructuredHeader\\":5:{s:50:\\"\\0Symfony\\\\Component\\\\Mime\\\\Header\\\\AbstractHeader\\0name\\";s:7:\\"Subject\\";s:56:\\"\\0Symfony\\\\Component\\\\Mime\\\\Header\\\\AbstractHeader\\0lineLength\\";i:76;s:50:\\"\\0Symfony\\\\Component\\\\Mime\\\\Header\\\\AbstractHeader\\0lang\\";N;s:53:\\"\\0Symfony\\\\Component\\\\Mime\\\\Header\\\\AbstractHeader\\0charset\\";s:5:\\"utf-8\\";s:55:\\"\\0Symfony\\\\Component\\\\Mime\\\\Header\\\\UnstructuredHeader\\0value\\";s:25:\\"Please Confirm your Email\\";}}}s:49:\\"\\0Symfony\\\\Component\\\\Mime\\\\Header\\\\Headers\\0lineLength\\";i:76;}i:1;N;}}}s:61:\\"\\0Symfony\\\\Component\\\\Mailer\\\\Messenger\\\\SendEmailMessage\\0envelope\\";N;}}', '[]', 'default', '2023-08-02 09:53:19', '2023-08-02 09:53:19', NULL),
	(8, 'O:36:\\"Symfony\\\\Component\\\\Messenger\\\\Envelope\\":2:{s:44:\\"\\0Symfony\\\\Component\\\\Messenger\\\\Envelope\\0stamps\\";a:1:{s:46:\\"Symfony\\\\Component\\\\Messenger\\\\Stamp\\\\BusNameStamp\\";a:1:{i:0;O:46:\\"Symfony\\\\Component\\\\Messenger\\\\Stamp\\\\BusNameStamp\\":1:{s:55:\\"\\0Symfony\\\\Component\\\\Messenger\\\\Stamp\\\\BusNameStamp\\0busName\\";s:21:\\"messenger.bus.default\\";}}}s:45:\\"\\0Symfony\\\\Component\\\\Messenger\\\\Envelope\\0message\\";O:51:\\"Symfony\\\\Component\\\\Mailer\\\\Messenger\\\\SendEmailMessage\\":2:{s:60:\\"\\0Symfony\\\\Component\\\\Mailer\\\\Messenger\\\\SendEmailMessage\\0message\\";O:39:\\"Symfony\\\\Bridge\\\\Twig\\\\Mime\\\\TemplatedEmail\\":4:{i:0;s:41:\\"registration/confirmation_email.html.twig\\";i:1;N;i:2;a:3:{s:9:\\"signedUrl\\";s:169:\\"http://127.0.0.1:8000/verify/email?expires=1690985717&signature=uC5BGpJUDIfrPy9UA5KNyUISXK844V5ZS%2Bojy5nqGfU%3D&token=LNO6BOSj7V3HpVFqcXW%2F0xOwiopUQqJ%2Fc04yuSHlsbw%3D\\";s:19:\\"expiresAtMessageKey\\";s:26:\\"%count% hour|%count% hours\\";s:20:\\"expiresAtMessageData\\";a:1:{s:7:\\"%count%\\";i:1;}}i:3;a:6:{i:0;N;i:1;N;i:2;N;i:3;N;i:4;a:0:{}i:5;a:2:{i:0;O:37:\\"Symfony\\\\Component\\\\Mime\\\\Header\\\\Headers\\":2:{s:46:\\"\\0Symfony\\\\Component\\\\Mime\\\\Header\\\\Headers\\0headers\\";a:3:{s:4:\\"from\\";a:1:{i:0;O:47:\\"Symfony\\\\Component\\\\Mime\\\\Header\\\\MailboxListHeader\\":5:{s:50:\\"\\0Symfony\\\\Component\\\\Mime\\\\Header\\\\AbstractHeader\\0name\\";s:4:\\"From\\";s:56:\\"\\0Symfony\\\\Component\\\\Mime\\\\Header\\\\AbstractHeader\\0lineLength\\";i:76;s:50:\\"\\0Symfony\\\\Component\\\\Mime\\\\Header\\\\AbstractHeader\\0lang\\";N;s:53:\\"\\0Symfony\\\\Component\\\\Mime\\\\Header\\\\AbstractHeader\\0charset\\";s:5:\\"utf-8\\";s:58:\\"\\0Symfony\\\\Component\\\\Mime\\\\Header\\\\MailboxListHeader\\0addresses\\";a:1:{i:0;O:30:\\"Symfony\\\\Component\\\\Mime\\\\Address\\":2:{s:39:\\"\\0Symfony\\\\Component\\\\Mime\\\\Address\\0address\\";s:19:\\"skatespot@admin.com\\";s:36:\\"\\0Symfony\\\\Component\\\\Mime\\\\Address\\0name\\";s:25:\\"Seb (admin de Skate Spot)\\";}}}}s:2:\\"to\\";a:1:{i:0;O:47:\\"Symfony\\\\Component\\\\Mime\\\\Header\\\\MailboxListHeader\\":5:{s:50:\\"\\0Symfony\\\\Component\\\\Mime\\\\Header\\\\AbstractHeader\\0name\\";s:2:\\"To\\";s:56:\\"\\0Symfony\\\\Component\\\\Mime\\\\Header\\\\AbstractHeader\\0lineLength\\";i:76;s:50:\\"\\0Symfony\\\\Component\\\\Mime\\\\Header\\\\AbstractHeader\\0lang\\";N;s:53:\\"\\0Symfony\\\\Component\\\\Mime\\\\Header\\\\AbstractHeader\\0charset\\";s:5:\\"utf-8\\";s:58:\\"\\0Symfony\\\\Component\\\\Mime\\\\Header\\\\MailboxListHeader\\0addresses\\";a:1:{i:0;O:30:\\"Symfony\\\\Component\\\\Mime\\\\Address\\":2:{s:39:\\"\\0Symfony\\\\Component\\\\Mime\\\\Address\\0address\\";s:19:\\"admin_seb@admin.com\\";s:36:\\"\\0Symfony\\\\Component\\\\Mime\\\\Address\\0name\\";s:0:\\"\\";}}}}s:7:\\"subject\\";a:1:{i:0;O:48:\\"Symfony\\\\Component\\\\Mime\\\\Header\\\\UnstructuredHeader\\":5:{s:50:\\"\\0Symfony\\\\Component\\\\Mime\\\\Header\\\\AbstractHeader\\0name\\";s:7:\\"Subject\\";s:56:\\"\\0Symfony\\\\Component\\\\Mime\\\\Header\\\\AbstractHeader\\0lineLength\\";i:76;s:50:\\"\\0Symfony\\\\Component\\\\Mime\\\\Header\\\\AbstractHeader\\0lang\\";N;s:53:\\"\\0Symfony\\\\Component\\\\Mime\\\\Header\\\\AbstractHeader\\0charset\\";s:5:\\"utf-8\\";s:55:\\"\\0Symfony\\\\Component\\\\Mime\\\\Header\\\\UnstructuredHeader\\0value\\";s:25:\\"Please Confirm your Email\\";}}}s:49:\\"\\0Symfony\\\\Component\\\\Mime\\\\Header\\\\Headers\\0lineLength\\";i:76;}i:1;N;}}}s:61:\\"\\0Symfony\\\\Component\\\\Mailer\\\\Messenger\\\\SendEmailMessage\\0envelope\\";N;}}', '[]', 'default', '2023-08-02 13:15:17', '2023-08-02 13:15:17', NULL),
	(9, 'O:36:\\"Symfony\\\\Component\\\\Messenger\\\\Envelope\\":2:{s:44:\\"\\0Symfony\\\\Component\\\\Messenger\\\\Envelope\\0stamps\\";a:1:{s:46:\\"Symfony\\\\Component\\\\Messenger\\\\Stamp\\\\BusNameStamp\\";a:1:{i:0;O:46:\\"Symfony\\\\Component\\\\Messenger\\\\Stamp\\\\BusNameStamp\\":1:{s:55:\\"\\0Symfony\\\\Component\\\\Messenger\\\\Stamp\\\\BusNameStamp\\0busName\\";s:21:\\"messenger.bus.default\\";}}}s:45:\\"\\0Symfony\\\\Component\\\\Messenger\\\\Envelope\\0message\\";O:51:\\"Symfony\\\\Component\\\\Mailer\\\\Messenger\\\\SendEmailMessage\\":2:{s:60:\\"\\0Symfony\\\\Component\\\\Mailer\\\\Messenger\\\\SendEmailMessage\\0message\\";O:39:\\"Symfony\\\\Bridge\\\\Twig\\\\Mime\\\\TemplatedEmail\\":4:{i:0;s:41:\\"registration/confirmation_email.html.twig\\";i:1;N;i:2;a:3:{s:9:\\"signedUrl\\";s:167:\\"http://127.0.0.1:8000/verify/email?expires=1690985863&signature=PL4Gq5WTsHfM%2F8mssHKfaWduTegJZc7jBtS%2FScgmNps%3D&token=KvBQIX83BWW6zl0HnpdU1OS3Nuuqxvhh32Z6z1vfCDE%3D\\";s:19:\\"expiresAtMessageKey\\";s:26:\\"%count% hour|%count% hours\\";s:20:\\"expiresAtMessageData\\";a:1:{s:7:\\"%count%\\";i:1;}}i:3;a:6:{i:0;N;i:1;N;i:2;N;i:3;N;i:4;a:0:{}i:5;a:2:{i:0;O:37:\\"Symfony\\\\Component\\\\Mime\\\\Header\\\\Headers\\":2:{s:46:\\"\\0Symfony\\\\Component\\\\Mime\\\\Header\\\\Headers\\0headers\\";a:3:{s:4:\\"from\\";a:1:{i:0;O:47:\\"Symfony\\\\Component\\\\Mime\\\\Header\\\\MailboxListHeader\\":5:{s:50:\\"\\0Symfony\\\\Component\\\\Mime\\\\Header\\\\AbstractHeader\\0name\\";s:4:\\"From\\";s:56:\\"\\0Symfony\\\\Component\\\\Mime\\\\Header\\\\AbstractHeader\\0lineLength\\";i:76;s:50:\\"\\0Symfony\\\\Component\\\\Mime\\\\Header\\\\AbstractHeader\\0lang\\";N;s:53:\\"\\0Symfony\\\\Component\\\\Mime\\\\Header\\\\AbstractHeader\\0charset\\";s:5:\\"utf-8\\";s:58:\\"\\0Symfony\\\\Component\\\\Mime\\\\Header\\\\MailboxListHeader\\0addresses\\";a:1:{i:0;O:30:\\"Symfony\\\\Component\\\\Mime\\\\Address\\":2:{s:39:\\"\\0Symfony\\\\Component\\\\Mime\\\\Address\\0address\\";s:19:\\"skatespot@admin.com\\";s:36:\\"\\0Symfony\\\\Component\\\\Mime\\\\Address\\0name\\";s:25:\\"Seb (admin de Skate Spot)\\";}}}}s:2:\\"to\\";a:1:{i:0;O:47:\\"Symfony\\\\Component\\\\Mime\\\\Header\\\\MailboxListHeader\\":5:{s:50:\\"\\0Symfony\\\\Component\\\\Mime\\\\Header\\\\AbstractHeader\\0name\\";s:2:\\"To\\";s:56:\\"\\0Symfony\\\\Component\\\\Mime\\\\Header\\\\AbstractHeader\\0lineLength\\";i:76;s:50:\\"\\0Symfony\\\\Component\\\\Mime\\\\Header\\\\AbstractHeader\\0lang\\";N;s:53:\\"\\0Symfony\\\\Component\\\\Mime\\\\Header\\\\AbstractHeader\\0charset\\";s:5:\\"utf-8\\";s:58:\\"\\0Symfony\\\\Component\\\\Mime\\\\Header\\\\MailboxListHeader\\0addresses\\";a:1:{i:0;O:30:\\"Symfony\\\\Component\\\\Mime\\\\Address\\":2:{s:39:\\"\\0Symfony\\\\Component\\\\Mime\\\\Address\\0address\\";s:18:\\"user_seb@admin.com\\";s:36:\\"\\0Symfony\\\\Component\\\\Mime\\\\Address\\0name\\";s:0:\\"\\";}}}}s:7:\\"subject\\";a:1:{i:0;O:48:\\"Symfony\\\\Component\\\\Mime\\\\Header\\\\UnstructuredHeader\\":5:{s:50:\\"\\0Symfony\\\\Component\\\\Mime\\\\Header\\\\AbstractHeader\\0name\\";s:7:\\"Subject\\";s:56:\\"\\0Symfony\\\\Component\\\\Mime\\\\Header\\\\AbstractHeader\\0lineLength\\";i:76;s:50:\\"\\0Symfony\\\\Component\\\\Mime\\\\Header\\\\AbstractHeader\\0lang\\";N;s:53:\\"\\0Symfony\\\\Component\\\\Mime\\\\Header\\\\AbstractHeader\\0charset\\";s:5:\\"utf-8\\";s:55:\\"\\0Symfony\\\\Component\\\\Mime\\\\Header\\\\UnstructuredHeader\\0value\\";s:25:\\"Please Confirm your Email\\";}}}s:49:\\"\\0Symfony\\\\Component\\\\Mime\\\\Header\\\\Headers\\0lineLength\\";i:76;}i:1;N;}}}s:61:\\"\\0Symfony\\\\Component\\\\Mailer\\\\Messenger\\\\SendEmailMessage\\0envelope\\";N;}}', '[]', 'default', '2023-08-02 13:17:43', '2023-08-02 13:17:43', NULL),
	(10, 'O:36:\\"Symfony\\\\Component\\\\Messenger\\\\Envelope\\":2:{s:44:\\"\\0Symfony\\\\Component\\\\Messenger\\\\Envelope\\0stamps\\";a:1:{s:46:\\"Symfony\\\\Component\\\\Messenger\\\\Stamp\\\\BusNameStamp\\";a:1:{i:0;O:46:\\"Symfony\\\\Component\\\\Messenger\\\\Stamp\\\\BusNameStamp\\":1:{s:55:\\"\\0Symfony\\\\Component\\\\Messenger\\\\Stamp\\\\BusNameStamp\\0busName\\";s:21:\\"messenger.bus.default\\";}}}s:45:\\"\\0Symfony\\\\Component\\\\Messenger\\\\Envelope\\0message\\";O:51:\\"Symfony\\\\Component\\\\Mailer\\\\Messenger\\\\SendEmailMessage\\":2:{s:60:\\"\\0Symfony\\\\Component\\\\Mailer\\\\Messenger\\\\SendEmailMessage\\0message\\";O:39:\\"Symfony\\\\Bridge\\\\Twig\\\\Mime\\\\TemplatedEmail\\":4:{i:0;s:41:\\"registration/confirmation_email.html.twig\\";i:1;N;i:2;a:3:{s:9:\\"signedUrl\\";s:163:\\"http://127.0.0.1:8000/verify/email?expires=1690986843&signature=4xTT1b7tb9T4yiFqFGQWnfTXFHLyuQInuCtqwcVwNeI%3D&token=1sfdLVtDDT8CvL4gixOOBPCDHmX6kPugpxeHX1nfdPw%3D\\";s:19:\\"expiresAtMessageKey\\";s:26:\\"%count% hour|%count% hours\\";s:20:\\"expiresAtMessageData\\";a:1:{s:7:\\"%count%\\";i:1;}}i:3;a:6:{i:0;N;i:1;N;i:2;N;i:3;N;i:4;a:0:{}i:5;a:2:{i:0;O:37:\\"Symfony\\\\Component\\\\Mime\\\\Header\\\\Headers\\":2:{s:46:\\"\\0Symfony\\\\Component\\\\Mime\\\\Header\\\\Headers\\0headers\\";a:3:{s:4:\\"from\\";a:1:{i:0;O:47:\\"Symfony\\\\Component\\\\Mime\\\\Header\\\\MailboxListHeader\\":5:{s:50:\\"\\0Symfony\\\\Component\\\\Mime\\\\Header\\\\AbstractHeader\\0name\\";s:4:\\"From\\";s:56:\\"\\0Symfony\\\\Component\\\\Mime\\\\Header\\\\AbstractHeader\\0lineLength\\";i:76;s:50:\\"\\0Symfony\\\\Component\\\\Mime\\\\Header\\\\AbstractHeader\\0lang\\";N;s:53:\\"\\0Symfony\\\\Component\\\\Mime\\\\Header\\\\AbstractHeader\\0charset\\";s:5:\\"utf-8\\";s:58:\\"\\0Symfony\\\\Component\\\\Mime\\\\Header\\\\MailboxListHeader\\0addresses\\";a:1:{i:0;O:30:\\"Symfony\\\\Component\\\\Mime\\\\Address\\":2:{s:39:\\"\\0Symfony\\\\Component\\\\Mime\\\\Address\\0address\\";s:19:\\"skatespot@admin.com\\";s:36:\\"\\0Symfony\\\\Component\\\\Mime\\\\Address\\0name\\";s:25:\\"Seb (admin de Skate Spot)\\";}}}}s:2:\\"to\\";a:1:{i:0;O:47:\\"Symfony\\\\Component\\\\Mime\\\\Header\\\\MailboxListHeader\\":5:{s:50:\\"\\0Symfony\\\\Component\\\\Mime\\\\Header\\\\AbstractHeader\\0name\\";s:2:\\"To\\";s:56:\\"\\0Symfony\\\\Component\\\\Mime\\\\Header\\\\AbstractHeader\\0lineLength\\";i:76;s:50:\\"\\0Symfony\\\\Component\\\\Mime\\\\Header\\\\AbstractHeader\\0lang\\";N;s:53:\\"\\0Symfony\\\\Component\\\\Mime\\\\Header\\\\AbstractHeader\\0charset\\";s:5:\\"utf-8\\";s:58:\\"\\0Symfony\\\\Component\\\\Mime\\\\Header\\\\MailboxListHeader\\0addresses\\";a:1:{i:0;O:30:\\"Symfony\\\\Component\\\\Mime\\\\Address\\":2:{s:39:\\"\\0Symfony\\\\Component\\\\Mime\\\\Address\\0address\\";s:18:\\"user_seb@admin.com\\";s:36:\\"\\0Symfony\\\\Component\\\\Mime\\\\Address\\0name\\";s:0:\\"\\";}}}}s:7:\\"subject\\";a:1:{i:0;O:48:\\"Symfony\\\\Component\\\\Mime\\\\Header\\\\UnstructuredHeader\\":5:{s:50:\\"\\0Symfony\\\\Component\\\\Mime\\\\Header\\\\AbstractHeader\\0name\\";s:7:\\"Subject\\";s:56:\\"\\0Symfony\\\\Component\\\\Mime\\\\Header\\\\AbstractHeader\\0lineLength\\";i:76;s:50:\\"\\0Symfony\\\\Component\\\\Mime\\\\Header\\\\AbstractHeader\\0lang\\";N;s:53:\\"\\0Symfony\\\\Component\\\\Mime\\\\Header\\\\AbstractHeader\\0charset\\";s:5:\\"utf-8\\";s:55:\\"\\0Symfony\\\\Component\\\\Mime\\\\Header\\\\UnstructuredHeader\\0value\\";s:25:\\"Please Confirm your Email\\";}}}s:49:\\"\\0Symfony\\\\Component\\\\Mime\\\\Header\\\\Headers\\0lineLength\\";i:76;}i:1;N;}}}s:61:\\"\\0Symfony\\\\Component\\\\Mailer\\\\Messenger\\\\SendEmailMessage\\0envelope\\";N;}}', '[]', 'default', '2023-08-02 13:34:03', '2023-08-02 13:34:03', NULL),
	(11, 'O:36:\\"Symfony\\\\Component\\\\Messenger\\\\Envelope\\":2:{s:44:\\"\\0Symfony\\\\Component\\\\Messenger\\\\Envelope\\0stamps\\";a:1:{s:46:\\"Symfony\\\\Component\\\\Messenger\\\\Stamp\\\\BusNameStamp\\";a:1:{i:0;O:46:\\"Symfony\\\\Component\\\\Messenger\\\\Stamp\\\\BusNameStamp\\":1:{s:55:\\"\\0Symfony\\\\Component\\\\Messenger\\\\Stamp\\\\BusNameStamp\\0busName\\";s:21:\\"messenger.bus.default\\";}}}s:45:\\"\\0Symfony\\\\Component\\\\Messenger\\\\Envelope\\0message\\";O:51:\\"Symfony\\\\Component\\\\Mailer\\\\Messenger\\\\SendEmailMessage\\":2:{s:60:\\"\\0Symfony\\\\Component\\\\Mailer\\\\Messenger\\\\SendEmailMessage\\0message\\";O:39:\\"Symfony\\\\Bridge\\\\Twig\\\\Mime\\\\TemplatedEmail\\":4:{i:0;s:41:\\"registration/confirmation_email.html.twig\\";i:1;N;i:2;a:3:{s:9:\\"signedUrl\\";s:165:\\"http://127.0.0.1:8000/verify/email?expires=1690988521&signature=nMZebtbXrwoxKEU5Af0cWOA4hHDiTMLpwZtE67mNf8M%3D&token=jwJBVRLp%2FRhZygVIJda55g5QAq3iBHC8ShKcfTXYvMA%3D\\";s:19:\\"expiresAtMessageKey\\";s:26:\\"%count% hour|%count% hours\\";s:20:\\"expiresAtMessageData\\";a:1:{s:7:\\"%count%\\";i:1;}}i:3;a:6:{i:0;N;i:1;N;i:2;N;i:3;N;i:4;a:0:{}i:5;a:2:{i:0;O:37:\\"Symfony\\\\Component\\\\Mime\\\\Header\\\\Headers\\":2:{s:46:\\"\\0Symfony\\\\Component\\\\Mime\\\\Header\\\\Headers\\0headers\\";a:3:{s:4:\\"from\\";a:1:{i:0;O:47:\\"Symfony\\\\Component\\\\Mime\\\\Header\\\\MailboxListHeader\\":5:{s:50:\\"\\0Symfony\\\\Component\\\\Mime\\\\Header\\\\AbstractHeader\\0name\\";s:4:\\"From\\";s:56:\\"\\0Symfony\\\\Component\\\\Mime\\\\Header\\\\AbstractHeader\\0lineLength\\";i:76;s:50:\\"\\0Symfony\\\\Component\\\\Mime\\\\Header\\\\AbstractHeader\\0lang\\";N;s:53:\\"\\0Symfony\\\\Component\\\\Mime\\\\Header\\\\AbstractHeader\\0charset\\";s:5:\\"utf-8\\";s:58:\\"\\0Symfony\\\\Component\\\\Mime\\\\Header\\\\MailboxListHeader\\0addresses\\";a:1:{i:0;O:30:\\"Symfony\\\\Component\\\\Mime\\\\Address\\":2:{s:39:\\"\\0Symfony\\\\Component\\\\Mime\\\\Address\\0address\\";s:19:\\"skatespot@admin.com\\";s:36:\\"\\0Symfony\\\\Component\\\\Mime\\\\Address\\0name\\";s:25:\\"Seb (admin de Skate Spot)\\";}}}}s:2:\\"to\\";a:1:{i:0;O:47:\\"Symfony\\\\Component\\\\Mime\\\\Header\\\\MailboxListHeader\\":5:{s:50:\\"\\0Symfony\\\\Component\\\\Mime\\\\Header\\\\AbstractHeader\\0name\\";s:2:\\"To\\";s:56:\\"\\0Symfony\\\\Component\\\\Mime\\\\Header\\\\AbstractHeader\\0lineLength\\";i:76;s:50:\\"\\0Symfony\\\\Component\\\\Mime\\\\Header\\\\AbstractHeader\\0lang\\";N;s:53:\\"\\0Symfony\\\\Component\\\\Mime\\\\Header\\\\AbstractHeader\\0charset\\";s:5:\\"utf-8\\";s:58:\\"\\0Symfony\\\\Component\\\\Mime\\\\Header\\\\MailboxListHeader\\0addresses\\";a:1:{i:0;O:30:\\"Symfony\\\\Component\\\\Mime\\\\Address\\":2:{s:39:\\"\\0Symfony\\\\Component\\\\Mime\\\\Address\\0address\\";s:18:\\"user_seb@admin.com\\";s:36:\\"\\0Symfony\\\\Component\\\\Mime\\\\Address\\0name\\";s:0:\\"\\";}}}}s:7:\\"subject\\";a:1:{i:0;O:48:\\"Symfony\\\\Component\\\\Mime\\\\Header\\\\UnstructuredHeader\\":5:{s:50:\\"\\0Symfony\\\\Component\\\\Mime\\\\Header\\\\AbstractHeader\\0name\\";s:7:\\"Subject\\";s:56:\\"\\0Symfony\\\\Component\\\\Mime\\\\Header\\\\AbstractHeader\\0lineLength\\";i:76;s:50:\\"\\0Symfony\\\\Component\\\\Mime\\\\Header\\\\AbstractHeader\\0lang\\";N;s:53:\\"\\0Symfony\\\\Component\\\\Mime\\\\Header\\\\AbstractHeader\\0charset\\";s:5:\\"utf-8\\";s:55:\\"\\0Symfony\\\\Component\\\\Mime\\\\Header\\\\UnstructuredHeader\\0value\\";s:25:\\"Please Confirm your Email\\";}}}s:49:\\"\\0Symfony\\\\Component\\\\Mime\\\\Header\\\\Headers\\0lineLength\\";i:76;}i:1;N;}}}s:61:\\"\\0Symfony\\\\Component\\\\Mailer\\\\Messenger\\\\SendEmailMessage\\0envelope\\";N;}}', '[]', 'default', '2023-08-02 14:02:01', '2023-08-02 14:02:01', NULL),
	(12, 'O:36:\\"Symfony\\\\Component\\\\Messenger\\\\Envelope\\":2:{s:44:\\"\\0Symfony\\\\Component\\\\Messenger\\\\Envelope\\0stamps\\";a:1:{s:46:\\"Symfony\\\\Component\\\\Messenger\\\\Stamp\\\\BusNameStamp\\";a:1:{i:0;O:46:\\"Symfony\\\\Component\\\\Messenger\\\\Stamp\\\\BusNameStamp\\":1:{s:55:\\"\\0Symfony\\\\Component\\\\Messenger\\\\Stamp\\\\BusNameStamp\\0busName\\";s:21:\\"messenger.bus.default\\";}}}s:45:\\"\\0Symfony\\\\Component\\\\Messenger\\\\Envelope\\0message\\";O:51:\\"Symfony\\\\Component\\\\Mailer\\\\Messenger\\\\SendEmailMessage\\":2:{s:60:\\"\\0Symfony\\\\Component\\\\Mailer\\\\Messenger\\\\SendEmailMessage\\0message\\";O:39:\\"Symfony\\\\Bridge\\\\Twig\\\\Mime\\\\TemplatedEmail\\":4:{i:0;s:41:\\"registration/confirmation_email.html.twig\\";i:1;N;i:2;a:3:{s:9:\\"signedUrl\\";s:167:\\"http://127.0.0.1:8000/verify/email?expires=1690988736&signature=6y%2FdWm42HWC8LAm7t%2FqfTlAbDJMWNPo8ArBErl8FVrA%3D&token=lclYuuh5DMihbjZV0tmPLiAm2jTC1z4bruvfdjn7peM%3D\\";s:19:\\"expiresAtMessageKey\\";s:26:\\"%count% hour|%count% hours\\";s:20:\\"expiresAtMessageData\\";a:1:{s:7:\\"%count%\\";i:1;}}i:3;a:6:{i:0;N;i:1;N;i:2;N;i:3;N;i:4;a:0:{}i:5;a:2:{i:0;O:37:\\"Symfony\\\\Component\\\\Mime\\\\Header\\\\Headers\\":2:{s:46:\\"\\0Symfony\\\\Component\\\\Mime\\\\Header\\\\Headers\\0headers\\";a:3:{s:4:\\"from\\";a:1:{i:0;O:47:\\"Symfony\\\\Component\\\\Mime\\\\Header\\\\MailboxListHeader\\":5:{s:50:\\"\\0Symfony\\\\Component\\\\Mime\\\\Header\\\\AbstractHeader\\0name\\";s:4:\\"From\\";s:56:\\"\\0Symfony\\\\Component\\\\Mime\\\\Header\\\\AbstractHeader\\0lineLength\\";i:76;s:50:\\"\\0Symfony\\\\Component\\\\Mime\\\\Header\\\\AbstractHeader\\0lang\\";N;s:53:\\"\\0Symfony\\\\Component\\\\Mime\\\\Header\\\\AbstractHeader\\0charset\\";s:5:\\"utf-8\\";s:58:\\"\\0Symfony\\\\Component\\\\Mime\\\\Header\\\\MailboxListHeader\\0addresses\\";a:1:{i:0;O:30:\\"Symfony\\\\Component\\\\Mime\\\\Address\\":2:{s:39:\\"\\0Symfony\\\\Component\\\\Mime\\\\Address\\0address\\";s:19:\\"skatespot@admin.com\\";s:36:\\"\\0Symfony\\\\Component\\\\Mime\\\\Address\\0name\\";s:25:\\"Seb (admin de Skate Spot)\\";}}}}s:2:\\"to\\";a:1:{i:0;O:47:\\"Symfony\\\\Component\\\\Mime\\\\Header\\\\MailboxListHeader\\":5:{s:50:\\"\\0Symfony\\\\Component\\\\Mime\\\\Header\\\\AbstractHeader\\0name\\";s:2:\\"To\\";s:56:\\"\\0Symfony\\\\Component\\\\Mime\\\\Header\\\\AbstractHeader\\0lineLength\\";i:76;s:50:\\"\\0Symfony\\\\Component\\\\Mime\\\\Header\\\\AbstractHeader\\0lang\\";N;s:53:\\"\\0Symfony\\\\Component\\\\Mime\\\\Header\\\\AbstractHeader\\0charset\\";s:5:\\"utf-8\\";s:58:\\"\\0Symfony\\\\Component\\\\Mime\\\\Header\\\\MailboxListHeader\\0addresses\\";a:1:{i:0;O:30:\\"Symfony\\\\Component\\\\Mime\\\\Address\\":2:{s:39:\\"\\0Symfony\\\\Component\\\\Mime\\\\Address\\0address\\";s:18:\\"user_seb@admin.com\\";s:36:\\"\\0Symfony\\\\Component\\\\Mime\\\\Address\\0name\\";s:0:\\"\\";}}}}s:7:\\"subject\\";a:1:{i:0;O:48:\\"Symfony\\\\Component\\\\Mime\\\\Header\\\\UnstructuredHeader\\":5:{s:50:\\"\\0Symfony\\\\Component\\\\Mime\\\\Header\\\\AbstractHeader\\0name\\";s:7:\\"Subject\\";s:56:\\"\\0Symfony\\\\Component\\\\Mime\\\\Header\\\\AbstractHeader\\0lineLength\\";i:76;s:50:\\"\\0Symfony\\\\Component\\\\Mime\\\\Header\\\\AbstractHeader\\0lang\\";N;s:53:\\"\\0Symfony\\\\Component\\\\Mime\\\\Header\\\\AbstractHeader\\0charset\\";s:5:\\"utf-8\\";s:55:\\"\\0Symfony\\\\Component\\\\Mime\\\\Header\\\\UnstructuredHeader\\0value\\";s:25:\\"Please Confirm your Email\\";}}}s:49:\\"\\0Symfony\\\\Component\\\\Mime\\\\Header\\\\Headers\\0lineLength\\";i:76;}i:1;N;}}}s:61:\\"\\0Symfony\\\\Component\\\\Mailer\\\\Messenger\\\\SendEmailMessage\\0envelope\\";N;}}', '[]', 'default', '2023-08-02 14:05:36', '2023-08-02 14:05:36', NULL),
	(13, 'O:36:\\"Symfony\\\\Component\\\\Messenger\\\\Envelope\\":2:{s:44:\\"\\0Symfony\\\\Component\\\\Messenger\\\\Envelope\\0stamps\\";a:1:{s:46:\\"Symfony\\\\Component\\\\Messenger\\\\Stamp\\\\BusNameStamp\\";a:1:{i:0;O:46:\\"Symfony\\\\Component\\\\Messenger\\\\Stamp\\\\BusNameStamp\\":1:{s:55:\\"\\0Symfony\\\\Component\\\\Messenger\\\\Stamp\\\\BusNameStamp\\0busName\\";s:21:\\"messenger.bus.default\\";}}}s:45:\\"\\0Symfony\\\\Component\\\\Messenger\\\\Envelope\\0message\\";O:51:\\"Symfony\\\\Component\\\\Mailer\\\\Messenger\\\\SendEmailMessage\\":2:{s:60:\\"\\0Symfony\\\\Component\\\\Mailer\\\\Messenger\\\\SendEmailMessage\\0message\\";O:39:\\"Symfony\\\\Bridge\\\\Twig\\\\Mime\\\\TemplatedEmail\\":4:{i:0;s:41:\\"registration/confirmation_email.html.twig\\";i:1;N;i:2;a:3:{s:9:\\"signedUrl\\";s:169:\\"http://127.0.0.1:8000/verify/email?expires=1690989099&signature=bKAo8o53J2T%2B4jPE1cemTbU4C1MeNKyDwLt%2BtnsuKX4%3D&token=kS%2Bpl6uC53BIq7chnjzzdnPFdaQ4A81uEyzTSLYoxpA%3D\\";s:19:\\"expiresAtMessageKey\\";s:26:\\"%count% hour|%count% hours\\";s:20:\\"expiresAtMessageData\\";a:1:{s:7:\\"%count%\\";i:1;}}i:3;a:6:{i:0;N;i:1;N;i:2;N;i:3;N;i:4;a:0:{}i:5;a:2:{i:0;O:37:\\"Symfony\\\\Component\\\\Mime\\\\Header\\\\Headers\\":2:{s:46:\\"\\0Symfony\\\\Component\\\\Mime\\\\Header\\\\Headers\\0headers\\";a:3:{s:4:\\"from\\";a:1:{i:0;O:47:\\"Symfony\\\\Component\\\\Mime\\\\Header\\\\MailboxListHeader\\":5:{s:50:\\"\\0Symfony\\\\Component\\\\Mime\\\\Header\\\\AbstractHeader\\0name\\";s:4:\\"From\\";s:56:\\"\\0Symfony\\\\Component\\\\Mime\\\\Header\\\\AbstractHeader\\0lineLength\\";i:76;s:50:\\"\\0Symfony\\\\Component\\\\Mime\\\\Header\\\\AbstractHeader\\0lang\\";N;s:53:\\"\\0Symfony\\\\Component\\\\Mime\\\\Header\\\\AbstractHeader\\0charset\\";s:5:\\"utf-8\\";s:58:\\"\\0Symfony\\\\Component\\\\Mime\\\\Header\\\\MailboxListHeader\\0addresses\\";a:1:{i:0;O:30:\\"Symfony\\\\Component\\\\Mime\\\\Address\\":2:{s:39:\\"\\0Symfony\\\\Component\\\\Mime\\\\Address\\0address\\";s:19:\\"skatespot@admin.com\\";s:36:\\"\\0Symfony\\\\Component\\\\Mime\\\\Address\\0name\\";s:25:\\"Seb (admin de Skate Spot)\\";}}}}s:2:\\"to\\";a:1:{i:0;O:47:\\"Symfony\\\\Component\\\\Mime\\\\Header\\\\MailboxListHeader\\":5:{s:50:\\"\\0Symfony\\\\Component\\\\Mime\\\\Header\\\\AbstractHeader\\0name\\";s:2:\\"To\\";s:56:\\"\\0Symfony\\\\Component\\\\Mime\\\\Header\\\\AbstractHeader\\0lineLength\\";i:76;s:50:\\"\\0Symfony\\\\Component\\\\Mime\\\\Header\\\\AbstractHeader\\0lang\\";N;s:53:\\"\\0Symfony\\\\Component\\\\Mime\\\\Header\\\\AbstractHeader\\0charset\\";s:5:\\"utf-8\\";s:58:\\"\\0Symfony\\\\Component\\\\Mime\\\\Header\\\\MailboxListHeader\\0addresses\\";a:1:{i:0;O:30:\\"Symfony\\\\Component\\\\Mime\\\\Address\\":2:{s:39:\\"\\0Symfony\\\\Component\\\\Mime\\\\Address\\0address\\";s:18:\\"user_seb@admin.com\\";s:36:\\"\\0Symfony\\\\Component\\\\Mime\\\\Address\\0name\\";s:0:\\"\\";}}}}s:7:\\"subject\\";a:1:{i:0;O:48:\\"Symfony\\\\Component\\\\Mime\\\\Header\\\\UnstructuredHeader\\":5:{s:50:\\"\\0Symfony\\\\Component\\\\Mime\\\\Header\\\\AbstractHeader\\0name\\";s:7:\\"Subject\\";s:56:\\"\\0Symfony\\\\Component\\\\Mime\\\\Header\\\\AbstractHeader\\0lineLength\\";i:76;s:50:\\"\\0Symfony\\\\Component\\\\Mime\\\\Header\\\\AbstractHeader\\0lang\\";N;s:53:\\"\\0Symfony\\\\Component\\\\Mime\\\\Header\\\\AbstractHeader\\0charset\\";s:5:\\"utf-8\\";s:55:\\"\\0Symfony\\\\Component\\\\Mime\\\\Header\\\\UnstructuredHeader\\0value\\";s:25:\\"Please Confirm your Email\\";}}}s:49:\\"\\0Symfony\\\\Component\\\\Mime\\\\Header\\\\Headers\\0lineLength\\";i:76;}i:1;N;}}}s:61:\\"\\0Symfony\\\\Component\\\\Mailer\\\\Messenger\\\\SendEmailMessage\\0envelope\\";N;}}', '[]', 'default', '2023-08-02 14:11:39', '2023-08-02 14:11:39', NULL),
	(14, 'O:36:\\"Symfony\\\\Component\\\\Messenger\\\\Envelope\\":2:{s:44:\\"\\0Symfony\\\\Component\\\\Messenger\\\\Envelope\\0stamps\\";a:1:{s:46:\\"Symfony\\\\Component\\\\Messenger\\\\Stamp\\\\BusNameStamp\\";a:1:{i:0;O:46:\\"Symfony\\\\Component\\\\Messenger\\\\Stamp\\\\BusNameStamp\\":1:{s:55:\\"\\0Symfony\\\\Component\\\\Messenger\\\\Stamp\\\\BusNameStamp\\0busName\\";s:21:\\"messenger.bus.default\\";}}}s:45:\\"\\0Symfony\\\\Component\\\\Messenger\\\\Envelope\\0message\\";O:51:\\"Symfony\\\\Component\\\\Mailer\\\\Messenger\\\\SendEmailMessage\\":2:{s:60:\\"\\0Symfony\\\\Component\\\\Mailer\\\\Messenger\\\\SendEmailMessage\\0message\\";O:39:\\"Symfony\\\\Bridge\\\\Twig\\\\Mime\\\\TemplatedEmail\\":4:{i:0;s:41:\\"registration/confirmation_email.html.twig\\";i:1;N;i:2;a:3:{s:9:\\"signedUrl\\";s:169:\\"http://127.0.0.1:8000/verify/email?expires=1690989504&signature=Nm1H6R%2FrMld3mc%2FXnuaXbDU%2BgDnp1jTv9cpQ4zlRZto%3D&token=OQupeRObdMGew1lKFg8hVSDMtpuhCRgufCWh1pMJMlg%3D\\";s:19:\\"expiresAtMessageKey\\";s:26:\\"%count% hour|%count% hours\\";s:20:\\"expiresAtMessageData\\";a:1:{s:7:\\"%count%\\";i:1;}}i:3;a:6:{i:0;N;i:1;N;i:2;N;i:3;N;i:4;a:0:{}i:5;a:2:{i:0;O:37:\\"Symfony\\\\Component\\\\Mime\\\\Header\\\\Headers\\":2:{s:46:\\"\\0Symfony\\\\Component\\\\Mime\\\\Header\\\\Headers\\0headers\\";a:3:{s:4:\\"from\\";a:1:{i:0;O:47:\\"Symfony\\\\Component\\\\Mime\\\\Header\\\\MailboxListHeader\\":5:{s:50:\\"\\0Symfony\\\\Component\\\\Mime\\\\Header\\\\AbstractHeader\\0name\\";s:4:\\"From\\";s:56:\\"\\0Symfony\\\\Component\\\\Mime\\\\Header\\\\AbstractHeader\\0lineLength\\";i:76;s:50:\\"\\0Symfony\\\\Component\\\\Mime\\\\Header\\\\AbstractHeader\\0lang\\";N;s:53:\\"\\0Symfony\\\\Component\\\\Mime\\\\Header\\\\AbstractHeader\\0charset\\";s:5:\\"utf-8\\";s:58:\\"\\0Symfony\\\\Component\\\\Mime\\\\Header\\\\MailboxListHeader\\0addresses\\";a:1:{i:0;O:30:\\"Symfony\\\\Component\\\\Mime\\\\Address\\":2:{s:39:\\"\\0Symfony\\\\Component\\\\Mime\\\\Address\\0address\\";s:19:\\"skatespot@admin.com\\";s:36:\\"\\0Symfony\\\\Component\\\\Mime\\\\Address\\0name\\";s:25:\\"Seb (admin de Skate Spot)\\";}}}}s:2:\\"to\\";a:1:{i:0;O:47:\\"Symfony\\\\Component\\\\Mime\\\\Header\\\\MailboxListHeader\\":5:{s:50:\\"\\0Symfony\\\\Component\\\\Mime\\\\Header\\\\AbstractHeader\\0name\\";s:2:\\"To\\";s:56:\\"\\0Symfony\\\\Component\\\\Mime\\\\Header\\\\AbstractHeader\\0lineLength\\";i:76;s:50:\\"\\0Symfony\\\\Component\\\\Mime\\\\Header\\\\AbstractHeader\\0lang\\";N;s:53:\\"\\0Symfony\\\\Component\\\\Mime\\\\Header\\\\AbstractHeader\\0charset\\";s:5:\\"utf-8\\";s:58:\\"\\0Symfony\\\\Component\\\\Mime\\\\Header\\\\MailboxListHeader\\0addresses\\";a:1:{i:0;O:30:\\"Symfony\\\\Component\\\\Mime\\\\Address\\":2:{s:39:\\"\\0Symfony\\\\Component\\\\Mime\\\\Address\\0address\\";s:18:\\"user_seb@admin.com\\";s:36:\\"\\0Symfony\\\\Component\\\\Mime\\\\Address\\0name\\";s:0:\\"\\";}}}}s:7:\\"subject\\";a:1:{i:0;O:48:\\"Symfony\\\\Component\\\\Mime\\\\Header\\\\UnstructuredHeader\\":5:{s:50:\\"\\0Symfony\\\\Component\\\\Mime\\\\Header\\\\AbstractHeader\\0name\\";s:7:\\"Subject\\";s:56:\\"\\0Symfony\\\\Component\\\\Mime\\\\Header\\\\AbstractHeader\\0lineLength\\";i:76;s:50:\\"\\0Symfony\\\\Component\\\\Mime\\\\Header\\\\AbstractHeader\\0lang\\";N;s:53:\\"\\0Symfony\\\\Component\\\\Mime\\\\Header\\\\AbstractHeader\\0charset\\";s:5:\\"utf-8\\";s:55:\\"\\0Symfony\\\\Component\\\\Mime\\\\Header\\\\UnstructuredHeader\\0value\\";s:25:\\"Please Confirm your Email\\";}}}s:49:\\"\\0Symfony\\\\Component\\\\Mime\\\\Header\\\\Headers\\0lineLength\\";i:76;}i:1;N;}}}s:61:\\"\\0Symfony\\\\Component\\\\Mailer\\\\Messenger\\\\SendEmailMessage\\0envelope\\";N;}}', '[]', 'default', '2023-08-02 14:18:24', '2023-08-02 14:18:24', NULL),
	(15, 'O:36:\\"Symfony\\\\Component\\\\Messenger\\\\Envelope\\":2:{s:44:\\"\\0Symfony\\\\Component\\\\Messenger\\\\Envelope\\0stamps\\";a:1:{s:46:\\"Symfony\\\\Component\\\\Messenger\\\\Stamp\\\\BusNameStamp\\";a:1:{i:0;O:46:\\"Symfony\\\\Component\\\\Messenger\\\\Stamp\\\\BusNameStamp\\":1:{s:55:\\"\\0Symfony\\\\Component\\\\Messenger\\\\Stamp\\\\BusNameStamp\\0busName\\";s:21:\\"messenger.bus.default\\";}}}s:45:\\"\\0Symfony\\\\Component\\\\Messenger\\\\Envelope\\0message\\";O:51:\\"Symfony\\\\Component\\\\Mailer\\\\Messenger\\\\SendEmailMessage\\":2:{s:60:\\"\\0Symfony\\\\Component\\\\Mailer\\\\Messenger\\\\SendEmailMessage\\0message\\";O:39:\\"Symfony\\\\Bridge\\\\Twig\\\\Mime\\\\TemplatedEmail\\":4:{i:0;s:41:\\"registration/confirmation_email.html.twig\\";i:1;N;i:2;a:3:{s:9:\\"signedUrl\\";s:167:\\"http://127.0.0.1:8000/verify/email?expires=1690989782&signature=xU1QvONwkBHZ6gPM2Xb%2FmyHrTW75xYnbqqtGphrz%2B9I%3D&token=aC4s9Qg8WnuOieGlbkhoFKNjHe16ZbCdhotKjBTG95A%3D\\";s:19:\\"expiresAtMessageKey\\";s:26:\\"%count% hour|%count% hours\\";s:20:\\"expiresAtMessageData\\";a:1:{s:7:\\"%count%\\";i:1;}}i:3;a:6:{i:0;N;i:1;N;i:2;N;i:3;N;i:4;a:0:{}i:5;a:2:{i:0;O:37:\\"Symfony\\\\Component\\\\Mime\\\\Header\\\\Headers\\":2:{s:46:\\"\\0Symfony\\\\Component\\\\Mime\\\\Header\\\\Headers\\0headers\\";a:3:{s:4:\\"from\\";a:1:{i:0;O:47:\\"Symfony\\\\Component\\\\Mime\\\\Header\\\\MailboxListHeader\\":5:{s:50:\\"\\0Symfony\\\\Component\\\\Mime\\\\Header\\\\AbstractHeader\\0name\\";s:4:\\"From\\";s:56:\\"\\0Symfony\\\\Component\\\\Mime\\\\Header\\\\AbstractHeader\\0lineLength\\";i:76;s:50:\\"\\0Symfony\\\\Component\\\\Mime\\\\Header\\\\AbstractHeader\\0lang\\";N;s:53:\\"\\0Symfony\\\\Component\\\\Mime\\\\Header\\\\AbstractHeader\\0charset\\";s:5:\\"utf-8\\";s:58:\\"\\0Symfony\\\\Component\\\\Mime\\\\Header\\\\MailboxListHeader\\0addresses\\";a:1:{i:0;O:30:\\"Symfony\\\\Component\\\\Mime\\\\Address\\":2:{s:39:\\"\\0Symfony\\\\Component\\\\Mime\\\\Address\\0address\\";s:19:\\"skatespot@admin.com\\";s:36:\\"\\0Symfony\\\\Component\\\\Mime\\\\Address\\0name\\";s:25:\\"Seb (admin de Skate Spot)\\";}}}}s:2:\\"to\\";a:1:{i:0;O:47:\\"Symfony\\\\Component\\\\Mime\\\\Header\\\\MailboxListHeader\\":5:{s:50:\\"\\0Symfony\\\\Component\\\\Mime\\\\Header\\\\AbstractHeader\\0name\\";s:2:\\"To\\";s:56:\\"\\0Symfony\\\\Component\\\\Mime\\\\Header\\\\AbstractHeader\\0lineLength\\";i:76;s:50:\\"\\0Symfony\\\\Component\\\\Mime\\\\Header\\\\AbstractHeader\\0lang\\";N;s:53:\\"\\0Symfony\\\\Component\\\\Mime\\\\Header\\\\AbstractHeader\\0charset\\";s:5:\\"utf-8\\";s:58:\\"\\0Symfony\\\\Component\\\\Mime\\\\Header\\\\MailboxListHeader\\0addresses\\";a:1:{i:0;O:30:\\"Symfony\\\\Component\\\\Mime\\\\Address\\":2:{s:39:\\"\\0Symfony\\\\Component\\\\Mime\\\\Address\\0address\\";s:18:\\"user_seb@admin.com\\";s:36:\\"\\0Symfony\\\\Component\\\\Mime\\\\Address\\0name\\";s:0:\\"\\";}}}}s:7:\\"subject\\";a:1:{i:0;O:48:\\"Symfony\\\\Component\\\\Mime\\\\Header\\\\UnstructuredHeader\\":5:{s:50:\\"\\0Symfony\\\\Component\\\\Mime\\\\Header\\\\AbstractHeader\\0name\\";s:7:\\"Subject\\";s:56:\\"\\0Symfony\\\\Component\\\\Mime\\\\Header\\\\AbstractHeader\\0lineLength\\";i:76;s:50:\\"\\0Symfony\\\\Component\\\\Mime\\\\Header\\\\AbstractHeader\\0lang\\";N;s:53:\\"\\0Symfony\\\\Component\\\\Mime\\\\Header\\\\AbstractHeader\\0charset\\";s:5:\\"utf-8\\";s:55:\\"\\0Symfony\\\\Component\\\\Mime\\\\Header\\\\UnstructuredHeader\\0value\\";s:25:\\"Please Confirm your Email\\";}}}s:49:\\"\\0Symfony\\\\Component\\\\Mime\\\\Header\\\\Headers\\0lineLength\\";i:76;}i:1;N;}}}s:61:\\"\\0Symfony\\\\Component\\\\Mailer\\\\Messenger\\\\SendEmailMessage\\0envelope\\";N;}}', '[]', 'default', '2023-08-02 14:23:02', '2023-08-02 14:23:02', NULL),
	(16, 'O:36:\\"Symfony\\\\Component\\\\Messenger\\\\Envelope\\":2:{s:44:\\"\\0Symfony\\\\Component\\\\Messenger\\\\Envelope\\0stamps\\";a:1:{s:46:\\"Symfony\\\\Component\\\\Messenger\\\\Stamp\\\\BusNameStamp\\";a:1:{i:0;O:46:\\"Symfony\\\\Component\\\\Messenger\\\\Stamp\\\\BusNameStamp\\":1:{s:55:\\"\\0Symfony\\\\Component\\\\Messenger\\\\Stamp\\\\BusNameStamp\\0busName\\";s:21:\\"messenger.bus.default\\";}}}s:45:\\"\\0Symfony\\\\Component\\\\Messenger\\\\Envelope\\0message\\";O:51:\\"Symfony\\\\Component\\\\Mailer\\\\Messenger\\\\SendEmailMessage\\":2:{s:60:\\"\\0Symfony\\\\Component\\\\Mailer\\\\Messenger\\\\SendEmailMessage\\0message\\";O:39:\\"Symfony\\\\Bridge\\\\Twig\\\\Mime\\\\TemplatedEmail\\":4:{i:0;s:41:\\"registration/confirmation_email.html.twig\\";i:1;N;i:2;a:3:{s:9:\\"signedUrl\\";s:165:\\"http://127.0.0.1:8000/verify/email?expires=1690989854&signature=S8oAiBLwad3cMU2x51CYZrNwdpThtPjIuUK8YP%2Bm6qw%3D&token=XG8Se75aUgFOomftR5yFvdHRBR3PfJMsRET1z9sBhoM%3D\\";s:19:\\"expiresAtMessageKey\\";s:26:\\"%count% hour|%count% hours\\";s:20:\\"expiresAtMessageData\\";a:1:{s:7:\\"%count%\\";i:1;}}i:3;a:6:{i:0;N;i:1;N;i:2;N;i:3;N;i:4;a:0:{}i:5;a:2:{i:0;O:37:\\"Symfony\\\\Component\\\\Mime\\\\Header\\\\Headers\\":2:{s:46:\\"\\0Symfony\\\\Component\\\\Mime\\\\Header\\\\Headers\\0headers\\";a:3:{s:4:\\"from\\";a:1:{i:0;O:47:\\"Symfony\\\\Component\\\\Mime\\\\Header\\\\MailboxListHeader\\":5:{s:50:\\"\\0Symfony\\\\Component\\\\Mime\\\\Header\\\\AbstractHeader\\0name\\";s:4:\\"From\\";s:56:\\"\\0Symfony\\\\Component\\\\Mime\\\\Header\\\\AbstractHeader\\0lineLength\\";i:76;s:50:\\"\\0Symfony\\\\Component\\\\Mime\\\\Header\\\\AbstractHeader\\0lang\\";N;s:53:\\"\\0Symfony\\\\Component\\\\Mime\\\\Header\\\\AbstractHeader\\0charset\\";s:5:\\"utf-8\\";s:58:\\"\\0Symfony\\\\Component\\\\Mime\\\\Header\\\\MailboxListHeader\\0addresses\\";a:1:{i:0;O:30:\\"Symfony\\\\Component\\\\Mime\\\\Address\\":2:{s:39:\\"\\0Symfony\\\\Component\\\\Mime\\\\Address\\0address\\";s:19:\\"skatespot@admin.com\\";s:36:\\"\\0Symfony\\\\Component\\\\Mime\\\\Address\\0name\\";s:25:\\"Seb (admin de Skate Spot)\\";}}}}s:2:\\"to\\";a:1:{i:0;O:47:\\"Symfony\\\\Component\\\\Mime\\\\Header\\\\MailboxListHeader\\":5:{s:50:\\"\\0Symfony\\\\Component\\\\Mime\\\\Header\\\\AbstractHeader\\0name\\";s:2:\\"To\\";s:56:\\"\\0Symfony\\\\Component\\\\Mime\\\\Header\\\\AbstractHeader\\0lineLength\\";i:76;s:50:\\"\\0Symfony\\\\Component\\\\Mime\\\\Header\\\\AbstractHeader\\0lang\\";N;s:53:\\"\\0Symfony\\\\Component\\\\Mime\\\\Header\\\\AbstractHeader\\0charset\\";s:5:\\"utf-8\\";s:58:\\"\\0Symfony\\\\Component\\\\Mime\\\\Header\\\\MailboxListHeader\\0addresses\\";a:1:{i:0;O:30:\\"Symfony\\\\Component\\\\Mime\\\\Address\\":2:{s:39:\\"\\0Symfony\\\\Component\\\\Mime\\\\Address\\0address\\";s:18:\\"user_seb@admin.com\\";s:36:\\"\\0Symfony\\\\Component\\\\Mime\\\\Address\\0name\\";s:0:\\"\\";}}}}s:7:\\"subject\\";a:1:{i:0;O:48:\\"Symfony\\\\Component\\\\Mime\\\\Header\\\\UnstructuredHeader\\":5:{s:50:\\"\\0Symfony\\\\Component\\\\Mime\\\\Header\\\\AbstractHeader\\0name\\";s:7:\\"Subject\\";s:56:\\"\\0Symfony\\\\Component\\\\Mime\\\\Header\\\\AbstractHeader\\0lineLength\\";i:76;s:50:\\"\\0Symfony\\\\Component\\\\Mime\\\\Header\\\\AbstractHeader\\0lang\\";N;s:53:\\"\\0Symfony\\\\Component\\\\Mime\\\\Header\\\\AbstractHeader\\0charset\\";s:5:\\"utf-8\\";s:55:\\"\\0Symfony\\\\Component\\\\Mime\\\\Header\\\\UnstructuredHeader\\0value\\";s:25:\\"Please Confirm your Email\\";}}}s:49:\\"\\0Symfony\\\\Component\\\\Mime\\\\Header\\\\Headers\\0lineLength\\";i:76;}i:1;N;}}}s:61:\\"\\0Symfony\\\\Component\\\\Mailer\\\\Messenger\\\\SendEmailMessage\\0envelope\\";N;}}', '[]', 'default', '2023-08-02 14:24:14', '2023-08-02 14:24:14', NULL),
	(17, 'O:36:\\"Symfony\\\\Component\\\\Messenger\\\\Envelope\\":2:{s:44:\\"\\0Symfony\\\\Component\\\\Messenger\\\\Envelope\\0stamps\\";a:1:{s:46:\\"Symfony\\\\Component\\\\Messenger\\\\Stamp\\\\BusNameStamp\\";a:1:{i:0;O:46:\\"Symfony\\\\Component\\\\Messenger\\\\Stamp\\\\BusNameStamp\\":1:{s:55:\\"\\0Symfony\\\\Component\\\\Messenger\\\\Stamp\\\\BusNameStamp\\0busName\\";s:21:\\"messenger.bus.default\\";}}}s:45:\\"\\0Symfony\\\\Component\\\\Messenger\\\\Envelope\\0message\\";O:51:\\"Symfony\\\\Component\\\\Mailer\\\\Messenger\\\\SendEmailMessage\\":2:{s:60:\\"\\0Symfony\\\\Component\\\\Mailer\\\\Messenger\\\\SendEmailMessage\\0message\\";O:39:\\"Symfony\\\\Bridge\\\\Twig\\\\Mime\\\\TemplatedEmail\\":4:{i:0;s:41:\\"registration/confirmation_email.html.twig\\";i:1;N;i:2;a:3:{s:9:\\"signedUrl\\";s:167:\\"http://127.0.0.1:8000/verify/email?expires=1690990073&signature=9wa6BHnTSOcO3%2FLYYido02EeUQOqekqj9HcofOdjj8Y%3D&token=JN91LddQsOlZ6rp2EgRyjHM5ZDgG3wHoFVE%2BMyOQ3gE%3D\\";s:19:\\"expiresAtMessageKey\\";s:26:\\"%count% hour|%count% hours\\";s:20:\\"expiresAtMessageData\\";a:1:{s:7:\\"%count%\\";i:1;}}i:3;a:6:{i:0;N;i:1;N;i:2;N;i:3;N;i:4;a:0:{}i:5;a:2:{i:0;O:37:\\"Symfony\\\\Component\\\\Mime\\\\Header\\\\Headers\\":2:{s:46:\\"\\0Symfony\\\\Component\\\\Mime\\\\Header\\\\Headers\\0headers\\";a:3:{s:4:\\"from\\";a:1:{i:0;O:47:\\"Symfony\\\\Component\\\\Mime\\\\Header\\\\MailboxListHeader\\":5:{s:50:\\"\\0Symfony\\\\Component\\\\Mime\\\\Header\\\\AbstractHeader\\0name\\";s:4:\\"From\\";s:56:\\"\\0Symfony\\\\Component\\\\Mime\\\\Header\\\\AbstractHeader\\0lineLength\\";i:76;s:50:\\"\\0Symfony\\\\Component\\\\Mime\\\\Header\\\\AbstractHeader\\0lang\\";N;s:53:\\"\\0Symfony\\\\Component\\\\Mime\\\\Header\\\\AbstractHeader\\0charset\\";s:5:\\"utf-8\\";s:58:\\"\\0Symfony\\\\Component\\\\Mime\\\\Header\\\\MailboxListHeader\\0addresses\\";a:1:{i:0;O:30:\\"Symfony\\\\Component\\\\Mime\\\\Address\\":2:{s:39:\\"\\0Symfony\\\\Component\\\\Mime\\\\Address\\0address\\";s:19:\\"skatespot@admin.com\\";s:36:\\"\\0Symfony\\\\Component\\\\Mime\\\\Address\\0name\\";s:25:\\"Seb (admin de Skate Spot)\\";}}}}s:2:\\"to\\";a:1:{i:0;O:47:\\"Symfony\\\\Component\\\\Mime\\\\Header\\\\MailboxListHeader\\":5:{s:50:\\"\\0Symfony\\\\Component\\\\Mime\\\\Header\\\\AbstractHeader\\0name\\";s:2:\\"To\\";s:56:\\"\\0Symfony\\\\Component\\\\Mime\\\\Header\\\\AbstractHeader\\0lineLength\\";i:76;s:50:\\"\\0Symfony\\\\Component\\\\Mime\\\\Header\\\\AbstractHeader\\0lang\\";N;s:53:\\"\\0Symfony\\\\Component\\\\Mime\\\\Header\\\\AbstractHeader\\0charset\\";s:5:\\"utf-8\\";s:58:\\"\\0Symfony\\\\Component\\\\Mime\\\\Header\\\\MailboxListHeader\\0addresses\\";a:1:{i:0;O:30:\\"Symfony\\\\Component\\\\Mime\\\\Address\\":2:{s:39:\\"\\0Symfony\\\\Component\\\\Mime\\\\Address\\0address\\";s:18:\\"user_seb@admin.com\\";s:36:\\"\\0Symfony\\\\Component\\\\Mime\\\\Address\\0name\\";s:0:\\"\\";}}}}s:7:\\"subject\\";a:1:{i:0;O:48:\\"Symfony\\\\Component\\\\Mime\\\\Header\\\\UnstructuredHeader\\":5:{s:50:\\"\\0Symfony\\\\Component\\\\Mime\\\\Header\\\\AbstractHeader\\0name\\";s:7:\\"Subject\\";s:56:\\"\\0Symfony\\\\Component\\\\Mime\\\\Header\\\\AbstractHeader\\0lineLength\\";i:76;s:50:\\"\\0Symfony\\\\Component\\\\Mime\\\\Header\\\\AbstractHeader\\0lang\\";N;s:53:\\"\\0Symfony\\\\Component\\\\Mime\\\\Header\\\\AbstractHeader\\0charset\\";s:5:\\"utf-8\\";s:55:\\"\\0Symfony\\\\Component\\\\Mime\\\\Header\\\\UnstructuredHeader\\0value\\";s:25:\\"Please Confirm your Email\\";}}}s:49:\\"\\0Symfony\\\\Component\\\\Mime\\\\Header\\\\Headers\\0lineLength\\";i:76;}i:1;N;}}}s:61:\\"\\0Symfony\\\\Component\\\\Mailer\\\\Messenger\\\\SendEmailMessage\\0envelope\\";N;}}', '[]', 'default', '2023-08-02 14:27:53', '2023-08-02 14:27:53', NULL),
	(18, 'O:36:\\"Symfony\\\\Component\\\\Messenger\\\\Envelope\\":2:{s:44:\\"\\0Symfony\\\\Component\\\\Messenger\\\\Envelope\\0stamps\\";a:1:{s:46:\\"Symfony\\\\Component\\\\Messenger\\\\Stamp\\\\BusNameStamp\\";a:1:{i:0;O:46:\\"Symfony\\\\Component\\\\Messenger\\\\Stamp\\\\BusNameStamp\\":1:{s:55:\\"\\0Symfony\\\\Component\\\\Messenger\\\\Stamp\\\\BusNameStamp\\0busName\\";s:21:\\"messenger.bus.default\\";}}}s:45:\\"\\0Symfony\\\\Component\\\\Messenger\\\\Envelope\\0message\\";O:51:\\"Symfony\\\\Component\\\\Mailer\\\\Messenger\\\\SendEmailMessage\\":2:{s:60:\\"\\0Symfony\\\\Component\\\\Mailer\\\\Messenger\\\\SendEmailMessage\\0message\\";O:39:\\"Symfony\\\\Bridge\\\\Twig\\\\Mime\\\\TemplatedEmail\\":4:{i:0;s:41:\\"registration/confirmation_email.html.twig\\";i:1;N;i:2;a:3:{s:9:\\"signedUrl\\";s:171:\\"http://127.0.0.1:8000/verify/email?expires=1690990363&signature=cnBrqfFGOAU1S4KpYCAWICV2ayUpMNjHJtARfgfb%2Bos%3D&token=%2F%2BIjuanpsUFXoPaXJhxY%2BVVoKEltx24eW94TUAAmmqA%3D\\";s:19:\\"expiresAtMessageKey\\";s:26:\\"%count% hour|%count% hours\\";s:20:\\"expiresAtMessageData\\";a:1:{s:7:\\"%count%\\";i:1;}}i:3;a:6:{i:0;N;i:1;N;i:2;N;i:3;N;i:4;a:0:{}i:5;a:2:{i:0;O:37:\\"Symfony\\\\Component\\\\Mime\\\\Header\\\\Headers\\":2:{s:46:\\"\\0Symfony\\\\Component\\\\Mime\\\\Header\\\\Headers\\0headers\\";a:3:{s:4:\\"from\\";a:1:{i:0;O:47:\\"Symfony\\\\Component\\\\Mime\\\\Header\\\\MailboxListHeader\\":5:{s:50:\\"\\0Symfony\\\\Component\\\\Mime\\\\Header\\\\AbstractHeader\\0name\\";s:4:\\"From\\";s:56:\\"\\0Symfony\\\\Component\\\\Mime\\\\Header\\\\AbstractHeader\\0lineLength\\";i:76;s:50:\\"\\0Symfony\\\\Component\\\\Mime\\\\Header\\\\AbstractHeader\\0lang\\";N;s:53:\\"\\0Symfony\\\\Component\\\\Mime\\\\Header\\\\AbstractHeader\\0charset\\";s:5:\\"utf-8\\";s:58:\\"\\0Symfony\\\\Component\\\\Mime\\\\Header\\\\MailboxListHeader\\0addresses\\";a:1:{i:0;O:30:\\"Symfony\\\\Component\\\\Mime\\\\Address\\":2:{s:39:\\"\\0Symfony\\\\Component\\\\Mime\\\\Address\\0address\\";s:19:\\"skatespot@admin.com\\";s:36:\\"\\0Symfony\\\\Component\\\\Mime\\\\Address\\0name\\";s:25:\\"Seb (admin de Skate Spot)\\";}}}}s:2:\\"to\\";a:1:{i:0;O:47:\\"Symfony\\\\Component\\\\Mime\\\\Header\\\\MailboxListHeader\\":5:{s:50:\\"\\0Symfony\\\\Component\\\\Mime\\\\Header\\\\AbstractHeader\\0name\\";s:2:\\"To\\";s:56:\\"\\0Symfony\\\\Component\\\\Mime\\\\Header\\\\AbstractHeader\\0lineLength\\";i:76;s:50:\\"\\0Symfony\\\\Component\\\\Mime\\\\Header\\\\AbstractHeader\\0lang\\";N;s:53:\\"\\0Symfony\\\\Component\\\\Mime\\\\Header\\\\AbstractHeader\\0charset\\";s:5:\\"utf-8\\";s:58:\\"\\0Symfony\\\\Component\\\\Mime\\\\Header\\\\MailboxListHeader\\0addresses\\";a:1:{i:0;O:30:\\"Symfony\\\\Component\\\\Mime\\\\Address\\":2:{s:39:\\"\\0Symfony\\\\Component\\\\Mime\\\\Address\\0address\\";s:18:\\"user_seb@admin.com\\";s:36:\\"\\0Symfony\\\\Component\\\\Mime\\\\Address\\0name\\";s:0:\\"\\";}}}}s:7:\\"subject\\";a:1:{i:0;O:48:\\"Symfony\\\\Component\\\\Mime\\\\Header\\\\UnstructuredHeader\\":5:{s:50:\\"\\0Symfony\\\\Component\\\\Mime\\\\Header\\\\AbstractHeader\\0name\\";s:7:\\"Subject\\";s:56:\\"\\0Symfony\\\\Component\\\\Mime\\\\Header\\\\AbstractHeader\\0lineLength\\";i:76;s:50:\\"\\0Symfony\\\\Component\\\\Mime\\\\Header\\\\AbstractHeader\\0lang\\";N;s:53:\\"\\0Symfony\\\\Component\\\\Mime\\\\Header\\\\AbstractHeader\\0charset\\";s:5:\\"utf-8\\";s:55:\\"\\0Symfony\\\\Component\\\\Mime\\\\Header\\\\UnstructuredHeader\\0value\\";s:25:\\"Please Confirm your Email\\";}}}s:49:\\"\\0Symfony\\\\Component\\\\Mime\\\\Header\\\\Headers\\0lineLength\\";i:76;}i:1;N;}}}s:61:\\"\\0Symfony\\\\Component\\\\Mailer\\\\Messenger\\\\SendEmailMessage\\0envelope\\";N;}}', '[]', 'default', '2023-08-02 14:32:44', '2023-08-02 14:32:44', NULL),
	(19, 'O:36:\\"Symfony\\\\Component\\\\Messenger\\\\Envelope\\":2:{s:44:\\"\\0Symfony\\\\Component\\\\Messenger\\\\Envelope\\0stamps\\";a:1:{s:46:\\"Symfony\\\\Component\\\\Messenger\\\\Stamp\\\\BusNameStamp\\";a:1:{i:0;O:46:\\"Symfony\\\\Component\\\\Messenger\\\\Stamp\\\\BusNameStamp\\":1:{s:55:\\"\\0Symfony\\\\Component\\\\Messenger\\\\Stamp\\\\BusNameStamp\\0busName\\";s:21:\\"messenger.bus.default\\";}}}s:45:\\"\\0Symfony\\\\Component\\\\Messenger\\\\Envelope\\0message\\";O:51:\\"Symfony\\\\Component\\\\Mailer\\\\Messenger\\\\SendEmailMessage\\":2:{s:60:\\"\\0Symfony\\\\Component\\\\Mailer\\\\Messenger\\\\SendEmailMessage\\0message\\";O:39:\\"Symfony\\\\Bridge\\\\Twig\\\\Mime\\\\TemplatedEmail\\":4:{i:0;s:41:\\"registration/confirmation_email.html.twig\\";i:1;N;i:2;a:3:{s:9:\\"signedUrl\\";s:171:\\"http://127.0.0.1:8000/verify/email?expires=1694094063&signature=6y2wI0f%2FRKV9Js%2B8qIlCVsHbLAaZYL4nCs5LwtqE7HQ%3D&token=pJ1bH0U43yz7UOgr0rma%2FJYUSddV%2B8NmjaARld9dsz4%3D\\";s:19:\\"expiresAtMessageKey\\";s:26:\\"%count% hour|%count% hours\\";s:20:\\"expiresAtMessageData\\";a:1:{s:7:\\"%count%\\";i:1;}}i:3;a:6:{i:0;N;i:1;N;i:2;N;i:3;N;i:4;a:0:{}i:5;a:2:{i:0;O:37:\\"Symfony\\\\Component\\\\Mime\\\\Header\\\\Headers\\":2:{s:46:\\"\\0Symfony\\\\Component\\\\Mime\\\\Header\\\\Headers\\0headers\\";a:3:{s:4:\\"from\\";a:1:{i:0;O:47:\\"Symfony\\\\Component\\\\Mime\\\\Header\\\\MailboxListHeader\\":5:{s:50:\\"\\0Symfony\\\\Component\\\\Mime\\\\Header\\\\AbstractHeader\\0name\\";s:4:\\"From\\";s:56:\\"\\0Symfony\\\\Component\\\\Mime\\\\Header\\\\AbstractHeader\\0lineLength\\";i:76;s:50:\\"\\0Symfony\\\\Component\\\\Mime\\\\Header\\\\AbstractHeader\\0lang\\";N;s:53:\\"\\0Symfony\\\\Component\\\\Mime\\\\Header\\\\AbstractHeader\\0charset\\";s:5:\\"utf-8\\";s:58:\\"\\0Symfony\\\\Component\\\\Mime\\\\Header\\\\MailboxListHeader\\0addresses\\";a:1:{i:0;O:30:\\"Symfony\\\\Component\\\\Mime\\\\Address\\":2:{s:39:\\"\\0Symfony\\\\Component\\\\Mime\\\\Address\\0address\\";s:19:\\"skatespot@admin.com\\";s:36:\\"\\0Symfony\\\\Component\\\\Mime\\\\Address\\0name\\";s:25:\\"Seb (admin de Skate Spot)\\";}}}}s:2:\\"to\\";a:1:{i:0;O:47:\\"Symfony\\\\Component\\\\Mime\\\\Header\\\\MailboxListHeader\\":5:{s:50:\\"\\0Symfony\\\\Component\\\\Mime\\\\Header\\\\AbstractHeader\\0name\\";s:2:\\"To\\";s:56:\\"\\0Symfony\\\\Component\\\\Mime\\\\Header\\\\AbstractHeader\\0lineLength\\";i:76;s:50:\\"\\0Symfony\\\\Component\\\\Mime\\\\Header\\\\AbstractHeader\\0lang\\";N;s:53:\\"\\0Symfony\\\\Component\\\\Mime\\\\Header\\\\AbstractHeader\\0charset\\";s:5:\\"utf-8\\";s:58:\\"\\0Symfony\\\\Component\\\\Mime\\\\Header\\\\MailboxListHeader\\0addresses\\";a:1:{i:0;O:30:\\"Symfony\\\\Component\\\\Mime\\\\Address\\":2:{s:39:\\"\\0Symfony\\\\Component\\\\Mime\\\\Address\\0address\\";s:17:\\"lambda@exemple.fr\\";s:36:\\"\\0Symfony\\\\Component\\\\Mime\\\\Address\\0name\\";s:0:\\"\\";}}}}s:7:\\"subject\\";a:1:{i:0;O:48:\\"Symfony\\\\Component\\\\Mime\\\\Header\\\\UnstructuredHeader\\":5:{s:50:\\"\\0Symfony\\\\Component\\\\Mime\\\\Header\\\\AbstractHeader\\0name\\";s:7:\\"Subject\\";s:56:\\"\\0Symfony\\\\Component\\\\Mime\\\\Header\\\\AbstractHeader\\0lineLength\\";i:76;s:50:\\"\\0Symfony\\\\Component\\\\Mime\\\\Header\\\\AbstractHeader\\0lang\\";N;s:53:\\"\\0Symfony\\\\Component\\\\Mime\\\\Header\\\\AbstractHeader\\0charset\\";s:5:\\"utf-8\\";s:55:\\"\\0Symfony\\\\Component\\\\Mime\\\\Header\\\\UnstructuredHeader\\0value\\";s:25:\\"Please Confirm your Email\\";}}}s:49:\\"\\0Symfony\\\\Component\\\\Mime\\\\Header\\\\Headers\\0lineLength\\";i:76;}i:1;N;}}}s:61:\\"\\0Symfony\\\\Component\\\\Mailer\\\\Messenger\\\\SendEmailMessage\\0envelope\\";N;}}', '[]', 'default', '2023-09-07 12:41:03', '2023-09-07 12:41:03', NULL),
	(20, 'O:36:\\"Symfony\\\\Component\\\\Messenger\\\\Envelope\\":2:{s:44:\\"\\0Symfony\\\\Component\\\\Messenger\\\\Envelope\\0stamps\\";a:1:{s:46:\\"Symfony\\\\Component\\\\Messenger\\\\Stamp\\\\BusNameStamp\\";a:1:{i:0;O:46:\\"Symfony\\\\Component\\\\Messenger\\\\Stamp\\\\BusNameStamp\\":1:{s:55:\\"\\0Symfony\\\\Component\\\\Messenger\\\\Stamp\\\\BusNameStamp\\0busName\\";s:21:\\"messenger.bus.default\\";}}}s:45:\\"\\0Symfony\\\\Component\\\\Messenger\\\\Envelope\\0message\\";O:51:\\"Symfony\\\\Component\\\\Mailer\\\\Messenger\\\\SendEmailMessage\\":2:{s:60:\\"\\0Symfony\\\\Component\\\\Mailer\\\\Messenger\\\\SendEmailMessage\\0message\\";O:39:\\"Symfony\\\\Bridge\\\\Twig\\\\Mime\\\\TemplatedEmail\\":4:{i:0;s:41:\\"registration/confirmation_email.html.twig\\";i:1;N;i:2;a:3:{s:9:\\"signedUrl\\";s:167:\\"http://127.0.0.1:8000/verify/email?expires=1694095394&signature=yMIPC0Je6qjW7RbKwc54xafwb%2FnC5phP7ZmFoqEqyDE%3D&token=LDMzALuV74kXycfpPZ9gsZkzySqqfy5mQ2Z1ryxa%2BC8%3D\\";s:19:\\"expiresAtMessageKey\\";s:26:\\"%count% hour|%count% hours\\";s:20:\\"expiresAtMessageData\\";a:1:{s:7:\\"%count%\\";i:1;}}i:3;a:6:{i:0;N;i:1;N;i:2;N;i:3;N;i:4;a:0:{}i:5;a:2:{i:0;O:37:\\"Symfony\\\\Component\\\\Mime\\\\Header\\\\Headers\\":2:{s:46:\\"\\0Symfony\\\\Component\\\\Mime\\\\Header\\\\Headers\\0headers\\";a:3:{s:4:\\"from\\";a:1:{i:0;O:47:\\"Symfony\\\\Component\\\\Mime\\\\Header\\\\MailboxListHeader\\":5:{s:50:\\"\\0Symfony\\\\Component\\\\Mime\\\\Header\\\\AbstractHeader\\0name\\";s:4:\\"From\\";s:56:\\"\\0Symfony\\\\Component\\\\Mime\\\\Header\\\\AbstractHeader\\0lineLength\\";i:76;s:50:\\"\\0Symfony\\\\Component\\\\Mime\\\\Header\\\\AbstractHeader\\0lang\\";N;s:53:\\"\\0Symfony\\\\Component\\\\Mime\\\\Header\\\\AbstractHeader\\0charset\\";s:5:\\"utf-8\\";s:58:\\"\\0Symfony\\\\Component\\\\Mime\\\\Header\\\\MailboxListHeader\\0addresses\\";a:1:{i:0;O:30:\\"Symfony\\\\Component\\\\Mime\\\\Address\\":2:{s:39:\\"\\0Symfony\\\\Component\\\\Mime\\\\Address\\0address\\";s:19:\\"skatespot@admin.com\\";s:36:\\"\\0Symfony\\\\Component\\\\Mime\\\\Address\\0name\\";s:25:\\"Seb (admin de Skate Spot)\\";}}}}s:2:\\"to\\";a:1:{i:0;O:47:\\"Symfony\\\\Component\\\\Mime\\\\Header\\\\MailboxListHeader\\":5:{s:50:\\"\\0Symfony\\\\Component\\\\Mime\\\\Header\\\\AbstractHeader\\0name\\";s:2:\\"To\\";s:56:\\"\\0Symfony\\\\Component\\\\Mime\\\\Header\\\\AbstractHeader\\0lineLength\\";i:76;s:50:\\"\\0Symfony\\\\Component\\\\Mime\\\\Header\\\\AbstractHeader\\0lang\\";N;s:53:\\"\\0Symfony\\\\Component\\\\Mime\\\\Header\\\\AbstractHeader\\0charset\\";s:5:\\"utf-8\\";s:58:\\"\\0Symfony\\\\Component\\\\Mime\\\\Header\\\\MailboxListHeader\\0addresses\\";a:1:{i:0;O:30:\\"Symfony\\\\Component\\\\Mime\\\\Address\\":2:{s:39:\\"\\0Symfony\\\\Component\\\\Mime\\\\Address\\0address\\";s:18:\\"lambda1@exemple.fr\\";s:36:\\"\\0Symfony\\\\Component\\\\Mime\\\\Address\\0name\\";s:0:\\"\\";}}}}s:7:\\"subject\\";a:1:{i:0;O:48:\\"Symfony\\\\Component\\\\Mime\\\\Header\\\\UnstructuredHeader\\":5:{s:50:\\"\\0Symfony\\\\Component\\\\Mime\\\\Header\\\\AbstractHeader\\0name\\";s:7:\\"Subject\\";s:56:\\"\\0Symfony\\\\Component\\\\Mime\\\\Header\\\\AbstractHeader\\0lineLength\\";i:76;s:50:\\"\\0Symfony\\\\Component\\\\Mime\\\\Header\\\\AbstractHeader\\0lang\\";N;s:53:\\"\\0Symfony\\\\Component\\\\Mime\\\\Header\\\\AbstractHeader\\0charset\\";s:5:\\"utf-8\\";s:55:\\"\\0Symfony\\\\Component\\\\Mime\\\\Header\\\\UnstructuredHeader\\0value\\";s:25:\\"Please Confirm your Email\\";}}}s:49:\\"\\0Symfony\\\\Component\\\\Mime\\\\Header\\\\Headers\\0lineLength\\";i:76;}i:1;N;}}}s:61:\\"\\0Symfony\\\\Component\\\\Mailer\\\\Messenger\\\\SendEmailMessage\\0envelope\\";N;}}', '[]', 'default', '2023-09-07 13:03:14', '2023-09-07 13:03:14', NULL);

-- Listage de la structure de table skatespot. module
CREATE TABLE IF NOT EXISTS `module` (
  `id` int NOT NULL AUTO_INCREMENT,
  `name` varchar(50) CHARACTER SET utf8mb4 COLLATE utf8mb4_unicode_ci NOT NULL,
  PRIMARY KEY (`id`)
) ENGINE=InnoDB AUTO_INCREMENT=6 DEFAULT CHARSET=utf8mb4 COLLATE=utf8mb4_unicode_ci;

-- Listage des données de la table skatespot.module : ~5 rows (environ)
INSERT INTO `module` (`id`, `name`) VALUES
	(1, 'rail'),
	(2, 'quarter'),
	(3, 'plan incliné'),
	(4, 'curb'),
	(5, 'gap');

-- Listage de la structure de table skatespot. notation
CREATE TABLE IF NOT EXISTS `notation` (
  `id` int NOT NULL AUTO_INCREMENT,
  `spot_id` int NOT NULL,
  `user_id` int DEFAULT NULL,
  `note` int NOT NULL,
  PRIMARY KEY (`id`),
  KEY `IDX_268BC952DF1D37C` (`spot_id`),
  KEY `IDX_268BC95A76ED395` (`user_id`),
  CONSTRAINT `FK_268BC952DF1D37C` FOREIGN KEY (`spot_id`) REFERENCES `spot` (`id`),
  CONSTRAINT `FK_268BC95A76ED395` FOREIGN KEY (`user_id`) REFERENCES `user` (`id`) ON DELETE SET NULL
) ENGINE=InnoDB DEFAULT CHARSET=utf8mb4 COLLATE=utf8mb4_unicode_ci;

-- Listage des données de la table skatespot.notation : ~0 rows (environ)

-- Listage de la structure de table skatespot. picture
CREATE TABLE IF NOT EXISTS `picture` (
  `id` int NOT NULL AUTO_INCREMENT,
  `spot_id` int NOT NULL,
  `name` varchar(255) COLLATE utf8mb4_unicode_ci NOT NULL,
  PRIMARY KEY (`id`),
  KEY `IDX_16DB4F892DF1D37C` (`spot_id`),
  CONSTRAINT `FK_16DB4F892DF1D37C` FOREIGN KEY (`spot_id`) REFERENCES `spot` (`id`)
) ENGINE=InnoDB AUTO_INCREMENT=66 DEFAULT CHARSET=utf8mb4 COLLATE=utf8mb4_unicode_ci;

-- Listage des données de la table skatespot.picture : ~9 rows (environ)
INSERT INTO `picture` (`id`, `spot_id`, `name`) VALUES
	(22, 41, '9d73431d19d317dadd3df4a23e69900c.webp'),
	(24, 43, '63a9103d978efd6bc52540e7323775f2.webp'),
	(25, 43, '190a45552728f7a0b1b685802b7bf827.webp'),
	(26, 44, '411e4f21be440dede182b50533b81dac.webp'),
	(27, 44, 'b3c20bc7805779786ccc1bfccae24315.webp'),
	(28, 44, 'a978c9a3171a27a4472b60488ef29ec2.webp'),
	(29, 45, '32a89befab260531817f830260177b81.webp'),
	(30, 45, '71ee3995e1149d0d42e66aced0de30c2.webp'),
	(31, 46, '4b8c0e0624cca9bf4d5cfac0c9252f0f.webp'),
	(32, 47, '0fb8c2445081cb10447f7494f7335867.webp'),
	(33, 47, 'adf5aa28e2e0978001fcccb9729e5dac.webp'),
	(34, 47, 'fabc936ed600d936443987b59bf72f56.webp'),
	(35, 47, '6d8191b6e9898e53bccb49a2a4f7c1fc.webp'),
	(40, 49, '6d1a4ffe4e3760c03f37910578c10a6a.webp'),
	(41, 49, '7c0d2d4dd5b8e28776158c61793dc46b.webp'),
	(42, 50, '68690d0fa8b222d24b262b7e4eaf7fe5.webp'),
	(43, 51, '35434893e31089e881c36be143df86c4.webp'),
	(44, 51, 'ba3ecb0dcd4a57d10a91a0b85786c6bd.webp'),
	(47, 53, 'b56cde583cdde3246e2b171e0fe01ae7.webp'),
	(48, 53, 'a378f92e3d4fa9cdd677255b8a7a6103.webp'),
	(49, 53, '56119b613f81b46097ded192e54d8400.webp'),
	(50, 54, '22d51fcadc758179e0bbba4bdff209bd.webp'),
	(51, 55, '6ccc4582c57cfa6d557deb5ee2090fe3.webp'),
	(52, 55, '696d7c9e453510fca3a9bb370cde0d0e.webp'),
	(53, 55, 'f1595f039077795128e70c130ea95a9e.webp'),
	(54, 56, '146d60f2e06de73d2bc38917144ba9f9.webp'),
	(55, 56, 'c4753484fc17e5117cb7b9dd0e8849da.webp'),
	(56, 57, 'a1e0c38070db955e34dabd51c00612d8.webp'),
	(57, 57, 'f0f1448c26b1713cffa9cc804f4ecdc8.webp'),
	(58, 57, 'f0936b77d3456e062e3351d4c74ddd9c.webp'),
	(59, 58, '864d64849e8c9399d166b4aa3bab42d5.webp'),
	(60, 58, '00c33bc2b079f61581bc36f023f9f11e.webp'),
	(61, 58, 'e26eb6a9293b14d8991504421450073a.webp'),
	(62, 51, '1bcad41c6c7b1c597e66f9ccac2a9db7.webp'),
	(63, 42, '0567e0484d08254432a4c98845dc25b5.webp');

-- Listage de la structure de table skatespot. spot
CREATE TABLE IF NOT EXISTS `spot` (
  `id` int NOT NULL AUTO_INCREMENT,
  `author_id` int DEFAULT NULL,
  `name` varchar(100) CHARACTER SET utf8mb4 COLLATE utf8mb4_unicode_ci NOT NULL,
  `description` longtext CHARACTER SET utf8mb4 COLLATE utf8mb4_unicode_ci,
  `adress` varchar(100) CHARACTER SET utf8mb4 COLLATE utf8mb4_unicode_ci DEFAULT NULL,
  `cp` varchar(50) CHARACTER SET utf8mb4 COLLATE utf8mb4_unicode_ci DEFAULT NULL,
  `city` varchar(100) CHARACTER SET utf8mb4 COLLATE utf8mb4_unicode_ci DEFAULT NULL,
  `lat` double NOT NULL,
  `lng` double NOT NULL,
  `creation_date` datetime NOT NULL DEFAULT CURRENT_TIMESTAMP,
  `is_validated` tinyint(1) NOT NULL,
  `covered` tinyint(1) NOT NULL,
  `official` tinyint(1) NOT NULL,
  PRIMARY KEY (`id`),
  KEY `IDX_B9327A73F675F31B` (`author_id`),
  CONSTRAINT `FK_B9327A73F675F31B` FOREIGN KEY (`author_id`) REFERENCES `user` (`id`) ON DELETE SET NULL
) ENGINE=InnoDB AUTO_INCREMENT=61 DEFAULT CHARSET=utf8mb4 COLLATE=utf8mb4_unicode_ci;

-- Listage des données de la table skatespot.spot : ~16 rows (environ)
INSERT INTO `spot` (`id`, `author_id`, `name`, `description`, `adress`, `cp`, `city`, `lat`, `lng`, `creation_date`, `is_validated`, `covered`, `official`) VALUES
	(41, 22, 'La cité', 'Escalier mythique de Lyon', NULL, NULL, NULL, 45.772941208185, 4.8499059677124, '2023-10-04 19:38:37', 1, 0, 0),
	(42, 22, 'Charpennes', '3 mètres de haut, inclinaison 45°, revêtement bien lisse', NULL, NULL, NULL, 45.77213299494, 4.8659992218018, '2023-10-04 19:43:00', 1, 0, 0),
	(43, 22, 'Fullpipe', 'Tunnel isolé, lisse', NULL, NULL, NULL, 48.137683143855, -1.7667388916016, '2023-10-04 19:49:22', 1, 1, 0),
	(44, 22, 'Skatepark de la Courrouze', 'Partiellement couvert, pumptrack', NULL, NULL, NULL, 48.09810635737, -1.6945472359657, '2023-10-04 20:01:06', 1, 0, 1),
	(45, 22, 'Le bowl', '6 mètres de diamètre', '1 boulevard Kellermann', '75013', 'Paris', 48.819754, 2.3462919, '2023-10-04 20:35:58', 1, 0, 0),
	(46, 22, 'Parc Martin Luther King', 'Vague en béton, rampe, rail, \r\n tables et sol bien lisse', '147, rue Cardinet', '75017', 'Paris', 48.8883096, 2.3152295, '2023-10-04 20:42:29', 1, 0, 1),
	(47, 29, 'Tribunal', 'Place pavés lisses', 'tribunal', '67000', 'strasbourg', 48.58819275, 7.7476011019081, '2023-10-06 20:14:18', 1, 0, 0),
	(49, 29, 'Rivétoiole', 'Place passante, marches, bancs', 'rivétoile', NULL, 'strasbourg', 48.5731114, 7.762224, '2023-10-06 20:15:45', 1, 0, 0),
	(50, 29, 'Citadelle', 'Skatepark extérieur', NULL, NULL, NULL, 48.574821774075, 7.7739503960109, '2023-10-06 20:21:47', 1, 0, 1),
	(51, 29, 'Le musée', 'Grand espace, place du musée,', 'Le musée (MAMCS)', '67000', 'STRASBOURG', 48.578, 7.735, '2023-10-06 20:25:00', 1, 0, 0),
	(53, 29, 'Rotonde', 'Skatepark, hôte du Nl Contest', 'Rue Pierre Nuss', '67000', 'STRASBOURG', 48.5895602, 7.7252135, '2023-10-06 20:30:55', 1, 0, 1),
	(54, 29, 'République', 'Place pavée, sol lisse', 'Place de la République', NULL, 'Paris', 48.86754205, 2.3639582869777, '2023-10-06 20:33:32', 1, 0, 0),
	(55, 29, 'Le Bercy', 'Skatepark, pumptrack', 'Rue Raymond Aron', NULL, 'Paris', 48.8350566, 2.3742334, '2023-10-06 20:37:49', 1, 1, 1),
	(56, 29, 'La Muette', 'Skatepark, 750m², plus grand bowl parisien', '52 boulevard Lannes', NULL, 'Paris', 48.8667024, 2.2716786, '2023-10-06 20:42:07', 1, 0, 1),
	(57, 29, 'EGP', 'Plus de 3000m², couvert et éclairé', '54, boulevard Ney', NULL, 'Paris', 48.8991969, 2.3639149, '2023-10-06 20:45:00', 1, 1, 1),
	(58, 29, 'Jules noël', 'Skateparc couvert et éclairé, rampe', '3 Av. Maurice d\'Ocagne', NULL, 'Paris', 48.8244201, 2.3139357, '2023-10-06 20:50:08', 0, 1, 1);

-- Listage de la structure de table skatespot. spot_module
CREATE TABLE IF NOT EXISTS `spot_module` (
  `spot_id` int NOT NULL,
  `module_id` int NOT NULL,
  PRIMARY KEY (`spot_id`,`module_id`),
  KEY `IDX_39B5CF4C2DF1D37C` (`spot_id`),
  KEY `IDX_39B5CF4CAFC2B591` (`module_id`),
  CONSTRAINT `FK_39B5CF4C2DF1D37C` FOREIGN KEY (`spot_id`) REFERENCES `spot` (`id`) ON DELETE CASCADE,
  CONSTRAINT `FK_39B5CF4CAFC2B591` FOREIGN KEY (`module_id`) REFERENCES `module` (`id`) ON DELETE CASCADE
) ENGINE=InnoDB DEFAULT CHARSET=utf8mb4 COLLATE=utf8mb4_unicode_ci;

-- Listage des données de la table skatespot.spot_module : ~0 rows (environ)
INSERT INTO `spot_module` (`spot_id`, `module_id`) VALUES
	(41, 5),
	(42, 3),
	(43, 4),
	(44, 3),
	(45, 3),
	(46, 1),
	(46, 3),
	(46, 4),
	(47, 2),
	(49, 2),
	(50, 1),
	(50, 4),
	(51, 3),
	(51, 4),
	(51, 5),
	(53, 1),
	(53, 2),
	(53, 3),
	(53, 4),
	(54, 2),
	(55, 1),
	(55, 2),
	(55, 3),
	(55, 4),
	(56, 4),
	(57, 1),
	(57, 2),
	(57, 3),
	(57, 4),
	(58, 2);

-- Listage de la structure de table skatespot. user
CREATE TABLE IF NOT EXISTS `user` (
  `id` int NOT NULL AUTO_INCREMENT,
  `email` varchar(180) CHARACTER SET utf8mb4 COLLATE utf8mb4_unicode_ci NOT NULL,
  `roles` json NOT NULL,
  `password` varchar(255) CHARACTER SET utf8mb4 COLLATE utf8mb4_unicode_ci NOT NULL,
  `is_verified` tinyint(1) NOT NULL,
  `pseudo` varchar(50) CHARACTER SET utf8mb4 COLLATE utf8mb4_unicode_ci NOT NULL,
  `registration_date` datetime DEFAULT CURRENT_TIMESTAMP,
  `is_banned` tinyint(1) NOT NULL,
  `last_activity_at` datetime DEFAULT NULL,
  PRIMARY KEY (`id`),
  UNIQUE KEY `UNIQ_8D93D649E7927C74` (`email`),
  UNIQUE KEY `UNIQ_8D93D64986CC499D` (`pseudo`)
) ENGINE=InnoDB AUTO_INCREMENT=30 DEFAULT CHARSET=utf8mb4 COLLATE=utf8mb4_unicode_ci;

-- Listage des données de la table skatespot.user : ~11 rows (environ)
INSERT INTO `user` (`id`, `email`, `roles`, `password`, `is_verified`, `pseudo`, `registration_date`, `is_banned`, `last_activity_at`) VALUES
	(1, 'admin2333@admin.com', '["ROLE_ADMIN"]', '$2y$13$Ng/c4aoXNX0od2mEktVMDeBtbgq5obBfaze35dOg2ydNy7dnPXx7q', 0, 'my_admin2', '2023-05-12 06:47:31', 0, NULL),
	(2, 'exemplemail@exemple.com', '[]', '$2y$13$R7W7FEelQNHN3ONb1SZ2euakXXnjOiw9PRkQv/eBJyCDiz8/21CkW', 0, 'exemplePseudo', '2023-05-15 12:27:21', 1, NULL),
	(5, 'essai2@gmail.com', '["ROLE_ADMIN"]', '$2y$13$Iord1bztTtqdR2pq.8ucmeTmO46xCwaDlnY9v5vf4Q9LAjyJrTuBi', 0, 'essaiform2', '2023-07-25 17:18:04', 0, NULL),
	(6, 'essai3@gmail.com', '[]', '$2y$13$V0542yhyfNc0AItIdAjQbOKM//SWiE0bN9adfvRedaBKI/SMXTTfO', 0, 'essaiform3', '2023-07-25 17:21:07', 0, NULL),
	(7, 'supprimer@supprimer.com', '[]', '$2y$13$evsVtkzrw/ZUx7pBo6yhg.eTauIkwCRcDApLqyBV2MsJVlBWHJuEG', 0, 'pseudoSupprimer', '2023-08-02 09:53:17', 0, NULL),
	(8, 'admin_seb@admin.com', '["ROLE_ADMIN"]', '$2y$13$I7xs1eliPR29vAKaMdYwiuGE0ySSduS7Y0f2m2FTIhLxDdR9eEWUq', 0, 'admin_seb', '2023-08-02 13:15:17', 0, NULL),
	(19, 'TestLastActivity@exemple.fr', '[]', '$2y$13$0RKr9BaoZoWD3Yga1F2RaO.9ZmuUWmszblGcQvonykg/9hasyS/dW', 0, 'TestLastActivity', '2023-09-21 14:51:34', 0, '2023-09-22 07:18:02'),
	(20, 'admin@admin.com', '["ROLE_ADMIN"]', '$2y$13$WknvuelCD7fNfRVA8D8iRuqC1cpZoy7F3BszkfKS3e7//jJQFgNuS', 0, 'main_admin', '2023-09-22 07:19:24', 0, '2023-09-28 09:47:48'),
	(21, 'sebastien.pothee@gmail.com', '[]', '$2y$13$uFnn1XJAqzR7uYNweQjPTeHHAJszzDhkRgejBemQjJpECiGpV5sBK', 0, 'Seb', '2023-09-22 09:17:44', 0, '2023-09-24 00:31:39'),
	(22, 'administrateur@myspot.com', '["ROLE_ADMIN"]', '$2y$13$wgnLAh/J5vmZcFw72VmXx.t1O5TZG1ruqH8A6GxjmHnDLSBNoDogC', 0, 'myadmin', '2023-10-02 06:30:06', 0, '2023-10-08 00:03:43'),
	(29, 'Loan.wassmer@live.com', '[]', '$2y$13$zCzbwuG7X1LVVPvhJddLe.sJVP9tygQGjRxDWg8ztQeJJQMVxhTgy', 0, 'Lil\'Lo', '2023-10-05 20:47:08', 0, '2023-10-06 19:51:25');

-- Listage de la structure de table skatespot. user_spot
CREATE TABLE IF NOT EXISTS `user_spot` (
  `user_id` int NOT NULL,
  `spot_id` int NOT NULL,
  PRIMARY KEY (`user_id`,`spot_id`),
  KEY `IDX_C3B336BAA76ED395` (`user_id`),
  KEY `IDX_C3B336BA2DF1D37C` (`spot_id`),
  CONSTRAINT `FK_C3B336BA2DF1D37C` FOREIGN KEY (`spot_id`) REFERENCES `spot` (`id`) ON DELETE CASCADE,
  CONSTRAINT `FK_C3B336BAA76ED395` FOREIGN KEY (`user_id`) REFERENCES `user` (`id`) ON DELETE CASCADE
) ENGINE=InnoDB DEFAULT CHARSET=utf8mb4 COLLATE=utf8mb4_unicode_ci;

-- Listage des données de la table skatespot.user_spot : ~0 rows (environ)

/*!40103 SET TIME_ZONE=IFNULL(@OLD_TIME_ZONE, 'system') */;
/*!40101 SET SQL_MODE=IFNULL(@OLD_SQL_MODE, '') */;
/*!40014 SET FOREIGN_KEY_CHECKS=IFNULL(@OLD_FOREIGN_KEY_CHECKS, 1) */;
/*!40101 SET CHARACTER_SET_CLIENT=@OLD_CHARACTER_SET_CLIENT */;
/*!40111 SET SQL_NOTES=IFNULL(@OLD_SQL_NOTES, 1) */;
